Instance Name , n, m, served, prof Customer, prof Parcel, costs, K, Sol Time, Sol Val, sol Stat, LB, UB, GAP, vrps, e(h), et(%), e(km), ed(%) 
ghsarp-10-5-0,10,5,4,63.6143,35.3537,58.42,2,1.04,40.548,Optimal,40.548,40.548,0,23.0663,1.518,0.224339,62.238,0.342415
ghsarp-10-5-1,10,5,5,68.4229,36.6146,44.0836,3,0.48,60.9539,Optimal,60.9539,60.9539,-1.16571e-14,7.469,1.28341,0.201199,52.62,0.330877
ghsarp-10-5-2,10,5,5,60.8578,32.712,48.9523,2,0.09,44.6175,Optimal,44.6175,44.6175,0,16.2403,1.86785,0.295862,76.582,0.48983
ghsarp-10-5-3,10,5,4,52.2235,29.4839,39.1929,3,3.17,42.5145,Optimal,42.5145,42.5148,0.000735165,9.70898,1.45166,0.275998,59.518,0.496066
ghsarp-10-5-4,10,5,5,50.0233,42.1175,45.2778,4,2.01,46.863,Optimal,46.863,46.8662,0.00682535,3.16026,0.774,0.136874,31.734,0.245338
ghsarp-10-5-5,10,5,5,60.4805,32.8531,51.9487,3,0.16,41.3848,Optimal,41.3848,41.3848,0,19.0956,1.7961,0.278206,73.64,0.454019
ghsarp-10-5-6,10,5,5,60.5101,29.4351,49.3433,3,144.33,40.602,Optimal,40.602,40.605,0.00745716,19.9081,1.63678,0.25902,67.108,0.428575
ghsarp-10-5-7,10,5,4,63.2564,24.1736,46.7259,2,2.56,40.7041,Optimal,40.7041,40.7079,0.00924578,22.5523,1.79595,0.292921,73.634,0.472886
ghsarp-10-5-8,10,5,5,63.994,39.6956,40.1138,4,15.95,63.5757,Optimal,63.5757,63.5817,0.00935468,0.41824,1.2622,0.211111,51.75,0.362822
ghsarp-10-5-9,10,5,4,58.9221,27.0072,51.9782,3,1,33.9512,Optimal,33.9512,33.954,0.00826436,24.9709,2.0881,0.33548,85.612,0.536665
ghsarp-5-10-0,5,10,9,37.8178,63.0276,55.8633,2,32.06,44.9821,Optimal,44.9821,44.9852,0.00694171,-7.16426,1.08449,0.174345,44.464,0.279002
ghsarp-5-10-1,5,10,10,34.2131,76.5393,61.0549,1,29.49,49.6976,Optimal,49.6976,49.7023,0.00948353,-15.4844,0.573659,0.088146,23.52,0.143127
ghsarp-5-10-2,5,10,8,33.0161,55.0602,48.4693,2,439.64,39.6071,Optimal,39.6071,39.6105,0.00858501,-6.59096,1.14532,0.209912,46.958,0.348172
ghsarp-5-10-3,5,10,8,25.5959,52.3744,37.0079,2,49.43,40.9623,Optimal,40.9623,40.9658,0.00860164,-15.3664,0.516683,0.114034,21.184,0.218536
ghsarp-5-10-4,5,10,8,23.8163,61.3699,51.9423,1,23.77,33.244,Optimal,33.244,33.2462,0.00686171,-9.42762,0.173024,0.032978,7.094,0.0561768
ghsarp-5-10-5,5,10,8,28.8095,55.7873,30.7722,2,10.62,53.8247,Optimal,53.8247,53.8286,0.00731577,-25.0152,0.552049,0.127264,22.634,0.254263
ghsarp-5-10-6,5,10,9,32.6764,55.3053,45.2741,2,57.47,42.7076,Optimal,42.7076,42.7094,0.0042009,-10.0311,0.658049,0.120989,26.98,0.211894
ghsarp-5-10-7,5,10,9,30.0841,61.0621,56.3546,2,12.99,34.7916,Optimal,34.7916,34.7916,0,-4.70754,1.38332,0.233847,56.716,0.38617
ghsarp-5-10-8,5,10,9,32.624,69.5829,47.5493,1,19.46,54.6576,Optimal,54.6576,54.6618,0.00762622,-22.0336,0.158049,0.0284399,6.48,0.0490233
ghsarp-5-10-9,5,10,8,30.6187,53.5994,41.4994,2,6.73,42.7188,Optimal,42.7188,42.7188,-1.6633e-14,-12.1001,1.0019,0.201022,41.078,0.355617
ghsarp-5-5-0,5,5,3,28.3775,23.4024,27.0314,1,0.06,24.7484,Optimal,24.7484,24.7484,0,3.62908,0.594585,0.180853,24.378,0.304238
ghsarp-5-5-1,5,5,4,26.574,26.8329,27.6331,2,0.13,25.7738,Optimal,25.7738,25.7738,0,0.8002,0.882732,0.258936,36.192,0.462388
ghsarp-5-5-2,5,5,4,31.6014,35.8301,39.3456,2,0.66,28.0859,Optimal,28.0859,28.0859,0,3.51552,0.991805,0.233629,40.664,0.361284
ghsarp-5-5-3,5,5,4,27.2899,29.1818,39.1304,2,0.41,17.3414,Optimal,17.3414,17.3414,0,9.94854,1.17385,0.289889,48.128,0.460458
ghsarp-5-5-4,5,5,5,34.6133,39.4981,41.7422,3,0.58,32.3691,Optimal,32.3691,32.3718,0.00831008,2.24418,1.07376,0.230033,44.024,0.357779
ghsarp-5-5-5,5,5,4,26.0849,25.309,25.5475,2,1.36,25.8465,Optimal,25.8465,25.8465,0.000150674,0.23844,0.437317,0.133428,17.93,0.246021
ghsarp-5-5-6,5,5,2,34.6988,14.6349,26.1216,1,0.23,23.2121,Optimal,23.2121,23.2121,0,11.4867,0.606439,0.181392,24.864,0.278619
ghsarp-5-5-7,5,5,5,24.2393,30.6851,33.8394,2,0.33,21.085,Optimal,21.085,21.085,0,3.15432,1.20834,0.317574,49.542,0.565109
ghsarp-5-5-8,5,5,4,42.3778,28.0613,38.8019,3,0.83,31.6372,Optimal,31.6372,31.6372,0,10.7406,1.2519,0.267643,51.328,0.393988
ghsarp-5-5-9,5,5,5,31.7473,29.1828,32.557,2,0.15,28.3732,Optimal,28.3732,28.3732,0,3.37414,0.762,0.187769,31.242,0.318627
ghsarp-5-6-0,5,6,4,32.4108,36.7431,31.9295,2,0.23,37.2244,Optimal,37.2244,37.2244,0,-4.8136,1.04702,0.269391,42.928,0.438703
ghsarp-5-6-1,5,6,5,27.6832,26.9817,18.711,2,0.13,35.9539,Optimal,35.9539,35.9539,0,-8.2707,0.556293,0.176594,22.808,0.374996
ghsarp-5-6-2,5,6,6,28.0993,43.1245,47.1399,2,44.06,24.0839,Optimal,24.0839,24.086,0.00850454,4.01538,1.21532,0.250997,49.828,0.403943
ghsarp-5-6-3,5,6,5,32.2945,31.0022,29.5752,2,0.25,33.7215,Optimal,33.7215,33.7235,0.00607484,-1.42694,0.438683,0.111809,17.986,0.19438
ghsarp-5-6-4,5,6,5,36.6733,31.2877,34.6693,1,0.12,33.2917,Optimal,33.2917,33.2917,0,3.38158,0.366439,0.0836436,15.024,0.135004
ghsarp-5-6-5,5,6,6,34.3625,51.9175,53.6572,2,0.12,32.6228,Optimal,32.6228,32.6228,0,1.73964,1.09898,0.201443,45.058,0.3034
ghsarp-5-6-6,5,6,3,31.59,29.9328,37.7632,1,0.16,23.7596,Optimal,23.7596,23.7596,0,7.83044,0.323756,0.0810573,13.274,0.121675
ghsarp-5-6-7,5,6,5,32.2478,41.5731,45.667,2,0.13,28.1539,Optimal,28.1539,28.1539,0,4.0939,1.04805,0.2195,42.97,0.337205
ghsarp-5-6-8,5,6,6,29.9541,38.0051,37.1156,4,0.39,30.8436,Optimal,30.8436,30.8436,0,-0.8895,1.27356,0.290117,52.216,0.498168
ghsarp-5-6-9,5,6,6,30.442,47.5916,38.1211,2,0.23,39.9125,Optimal,39.9125,39.9125,-1.78025e-14,-9.47044,0.555463,0.124431,22.774,0.211148
ghsarp-5-7-0,5,7,6,27.2398,37.5137,37.0926,2,1,27.6609,Optimal,27.6609,27.6609,0,-0.42114,0.932683,0.218301,38.24,0.382385
ghsarp-5-7-1,5,7,6,27.8132,35.8919,37.8019,2,1.1,25.9032,Optimal,25.9032,25.9032,0,1.91,0.889756,0.205268,36.48,0.355722
ghsarp-5-7-2,5,7,7,29.4753,49.3356,44.263,2,0.23,34.5478,Optimal,34.5478,34.5478,0,-5.07252,0.500683,0.101869,20.528,0.171762
ghsarp-5-7-3,5,7,6,30.0248,43.918,34.5745,2,2.32,39.3682,Optimal,39.3682,39.3691,0.00230732,-9.34346,1.02712,0.241215,42.112,0.423594
ghsarp-5-7-4,5,7,5,25.4739,35.9274,33.3969,2,0.23,28.0044,Optimal,28.0044,28.0044,0,-2.53048,0.881122,0.229801,36.126,0.406495
ghsarp-5-7-5,5,7,6,28.9771,37.7561,30.7832,2,10.49,35.95,Optimal,35.95,35.9523,0.00643302,-6.97286,0.420098,0.104703,17.224,0.1928
ghsarp-5-7-6,5,7,5,28.2749,30.0012,25.3736,2,0.71,32.9025,Optimal,32.9025,32.9025,-2.15954e-14,-4.6276,0.810195,0.229601,33.218,0.43511
ghsarp-5-7-7,5,7,7,29.6794,58.0539,37.5903,2,0.56,50.143,Optimal,50.143,50.143,-1.41703e-14,-20.4636,0.405122,0.08865,16.61,0.157641
ghsarp-5-7-8,5,7,7,26.1807,64.1793,53.8421,3,1.61,36.5179,Optimal,36.5179,36.5179,0,-10.3372,1.23902,0.234579,50.8,0.377532
ghsarp-5-7-9,5,7,7,29.1971,46.1699,43.1241,1,3.04,32.243,Optimal,32.243,32.243,0,-3.04586,0.170244,0.0351549,6.98,0.0598885
ghsarp-5-8-0,5,8,8,28.3136,47.5404,35.5295,2,7.49,40.3246,Optimal,40.3246,40.3283,0.00919792,-12.011,0.230829,0.0505223,9.464,0.096091
ghsarp-5-8-1,5,8,6,31.4498,35.9301,45.5437,1,0.39,21.8362,Optimal,21.8362,21.8362,-1.62699e-14,9.61362,0.195268,0.039845,8.006,0.0636599
ghsarp-5-8-2,5,8,7,31.1374,58.361,48.6008,2,0.29,40.8976,Optimal,40.8976,40.8976,-1.73737e-14,-9.76014,1.20429,0.23088,49.376,0.374458
ghsarp-5-8-3,5,8,8,30.1867,64.4492,47.7563,3,3.97,46.8796,Optimal,46.8796,46.8796,0,-16.6929,1.29639,0.244727,53.152,0.414098
ghsarp-5-8-4,5,8,5,36.1386,38.3859,42.1507,1,0.22,32.3737,Optimal,32.3737,32.3737,0,3.76486,0.562683,0.118341,23.07,0.18221
ghsarp-5-8-5,5,8,6,26.7803,41.6637,30.7961,2,3.26,37.648,Optimal,37.648,37.648,0,-10.8676,0.76122,0.194241,31.21,0.364987
ghsarp-5-8-6,5,8,8,30.898,51.9793,46.7921,3,9.29,36.0852,Optimal,36.0852,36.0852,0,-5.18716,0.945415,0.179171,38.762,0.303997
ghsarp-5-8-7,5,8,7,32.3914,39.1813,28.8889,2,27.63,42.6838,Optimal,42.6838,42.6877,0.00912295,-10.2924,0.505415,0.119637,20.722,0.227195
ghsarp-5-8-8,5,8,7,32.6183,45.8014,47.8713,2,4.37,30.5484,Optimal,30.5484,30.5484,0,2.06986,1.35995,0.259494,55.758,0.419637
ghsarp-5-8-9,5,8,7,27.7334,40.4263,44.1306,1,3.68,24.0292,Optimal,24.0292,24.0292,0,3.70422,0.663463,0.137266,27.202,0.234157
ghsarp-5-9-0,5,9,8,27.9545,56.5393,39.0917,2,10.04,45.4021,Optimal,45.4021,45.4061,0.00878981,-17.4476,0.657756,0.138698,26.968,0.255369
ghsarp-5-9-1,5,9,9,27.6878,52.4617,43.5234,2,19.9,36.6261,Optimal,36.6261,36.6273,0.0031717,-8.93832,0.87039,0.169581,35.686,0.310935
ghsarp-5-9-2,5,9,5,29.9324,26.0189,40.1396,1,3.58,15.8117,Optimal,15.8117,15.8117,-1.12344e-14,14.1207,1.0862,0.247844,44.534,0.399939
ghsarp-5-9-3,5,9,9,30.3371,58.3182,48.081,2,15.89,40.5743,Optimal,40.5743,40.5782,0.00977847,-10.2371,0.73239,0.133462,30.028,0.232188
ghsarp-5-9-4,5,9,8,28.4276,54.0393,42.4562,2,3.18,40.0108,Optimal,40.0108,40.0108,0,-11.5832,0.897122,0.181567,36.782,0.323364
ghsarp-5-9-5,5,9,8,33.886,56.8929,50.2486,2,11.5,40.5303,Optimal,40.5303,40.5303,0,-6.64432,0.743854,0.133122,30.498,0.217433
ghsarp-5-9-6,5,9,8,29.7181,53.5779,40.8471,2,22.32,42.4489,Optimal,42.4489,42.4525,0.00838585,-12.7308,0.595463,0.121253,24.414,0.216986
ghsarp-5-9-7,5,9,8,28.3672,46.2506,37.5047,2,49.69,37.1131,Optimal,37.1131,37.1152,0.00561517,-8.7459,0.68239,0.145938,27.978,0.271953
ghsarp-5-9-8,5,9,7,28.2281,41.922,29.7896,2,0.72,40.3605,Optimal,40.3605,40.3605,0,-12.1324,0.472829,0.115488,19.386,0.225781
ghsarp-5-9-9,5,9,9,34.9918,67.6606,47.2944,2,712.79,55.358,Optimal,55.358,55.3635,0.0099312,-20.3662,0.186634,0.0330613,7.652,0.056355
ghsarp-6-5-0,6,5,3,40.5562,26.8601,29.6433,2,0.18,37.773,Optimal,37.773,37.773,0,2.78318,0.451268,0.113518,18.502,0.182307
ghsarp-6-5-1,6,5,5,34.3877,30.6071,31.1448,2,0.79,33.85,Optimal,33.85,33.8502,0.000649878,0.53766,0.756293,0.183374,31.008,0.330118
ghsarp-6-5-2,6,5,5,35.3761,34.5064,41.7735,3,0.33,28.109,Optimal,28.109,28.109,-2.52781e-14,7.26708,1.11132,0.234943,45.564,0.383632
ghsarp-6-5-3,6,5,4,38.6912,23.6656,30.0076,2,0.2,32.3492,Optimal,32.3492,32.3492,0,6.342,0.437512,0.107194,17.938,0.181177
ghsarp-6-5-4,6,5,5,43.1007,33.7644,44.5482,3,1.07,32.3169,Optimal,32.3169,32.3187,0.00555505,10.7838,1.04839,0.201311,42.984,0.310681
ghsarp-6-5-5,6,5,5,43.6867,40.3181,46.138,2,1.1,37.8668,Optimal,37.8668,37.8668,0,5.8199,0.829122,0.155932,33.994,0.23799
ghsarp-6-5-6,6,5,4,35.734,35.4433,34.604,3,0.16,36.5734,Optimal,36.5734,36.5734,-1.94279e-14,-0.83938,0.845512,0.201376,34.666,0.333931
ghsarp-6-5-7,6,5,5,40.18,36.5233,45.207,3,0.21,31.4964,Optimal,31.4964,31.4964,-1.12797e-14,8.68362,1.07751,0.210543,44.178,0.328066
ghsarp-6-5-8,6,5,5,34.9771,32.6688,32.4254,2,0.17,35.2205,Optimal,35.2205,35.2205,0,-0.24342,0.848146,0.201105,34.774,0.355752
ghsarp-6-5-9,6,5,4,37.9308,30.5746,31.9856,2,0.17,36.5197,Optimal,36.5197,36.5197,0,1.41108,0.608195,0.146418,24.936,0.244533
ghsarp-6-6-0,6,6,4,33.8587,25.6477,32.6232,3,1.29,26.8832,Optimal,26.8832,26.8832,0,6.97552,1.11649,0.27819,45.776,0.475763
ghsarp-6-6-1,6,6,6,33.4666,33.6691,36.651,2,0.27,30.4847,Optimal,30.4847,30.4864,0.00551065,2.98182,0.553805,0.121889,22.706,0.217732
ghsarp-6-6-2,6,6,6,33.8405,44.9571,44.0413,2,0.16,34.7563,Optimal,34.7563,34.7563,0,-0.91582,1.13702,0.229639,46.618,0.385254
ghsarp-6-6-3,6,6,5,38.5475,33.4855,39.6078,2,3.92,32.4252,Optimal,32.4252,32.4252,0,6.1223,0.885268,0.186331,36.296,0.303412
ghsarp-6-6-4,6,6,6,29.4446,40.4087,49.7527,2,9.32,20.1007,Optimal,20.1007,20.1007,0,9.34394,1.02024,0.201387,41.83,0.33275
ghsarp-6-6-5,6,6,5,34.3432,25.1391,16.8259,3,0.24,42.6564,Optimal,42.6564,42.6564,0,-8.31318,0.50439,0.149974,20.68,0.329698
ghsarp-6-6-6,6,6,6,32.713,34.5722,38.2858,2,0.24,28.9994,Optimal,28.9994,28.9994,0,3.71362,1.27488,0.277271,52.27,0.490724
ghsarp-6-6-7,6,6,5,36.2972,46.3854,30.2551,2,0.3,52.4275,Optimal,52.4275,52.4275,0,-16.1303,0.694683,0.167037,28.482,0.298723
ghsarp-6-6-8,6,6,6,32.7187,56.6369,46.2337,2,2.05,43.1219,Optimal,43.1219,43.1219,0,-10.4032,0.804634,0.160298,32.99,0.26647
ghsarp-6-6-9,6,6,5,37.2673,27.3552,46.8998,1,0.66,17.7227,Optimal,17.7227,17.7227,-2.00461e-14,19.5446,0.97678,0.19217,40.048,0.300588
ghsarp-6-7-0,6,7,4,33.3115,24.5687,33.4742,1,0.45,24.406,Optimal,24.406,24.406,-1.45567e-14,8.90552,1.0262,0.254317,42.074,0.433279
ghsarp-6-7-1,6,7,6,37.2707,36.2289,37.2545,2,7.23,36.2451,Optimal,36.2451,36.2484,0.00915296,1.02562,0.866976,0.182972,35.546,0.316612
ghsarp-6-7-2,6,7,6,37.4805,53.3086,48.9854,2,6.04,41.8037,Optimal,41.8037,41.8048,0.00267912,-4.3232,0.724049,0.134851,29.686,0.214898
ghsarp-6-7-3,6,7,7,35.7397,58.3411,55.5901,2,3.9,38.4907,Optimal,38.4907,38.4907,0,-2.75098,0.84039,0.144605,34.456,0.230561
ghsarp-6-7-4,6,7,4,44.3057,28.4713,36.6933,2,0.85,36.0837,Optimal,36.0837,36.0837,0,8.22194,0.883561,0.188947,36.226,0.293585
ghsarp-6-7-5,6,7,5,32.265,35.6552,34.1486,2,4.6,33.7716,Optimal,33.7716,33.7716,0,-1.5066,0.698976,0.166711,28.658,0.29625
ghsarp-6-7-6,6,7,7,35.6177,47.0846,38.7127,3,5.8,43.9897,Optimal,43.9897,43.9897,0,-8.37192,0.732293,0.149096,30.024,0.266785
ghsarp-6-7-7,6,7,5,38.5738,28.1354,26.3828,1,1.67,40.3263,Optimal,40.3263,40.3263,-1.76198e-14,-1.75252,0.687854,0.169801,28.202,0.310178
ghsarp-6-7-8,6,7,5,36.2801,36.4785,37.4247,2,5.77,35.3339,Optimal,35.3339,35.3359,0.00573157,0.94616,0.305268,0.0672655,12.516,0.112856
ghsarp-6-7-9,6,7,7,32.159,39.432,37.421,3,2.89,34.17,Optimal,34.17,34.17,-2.07944e-14,-2.011,0.857463,0.182631,35.156,0.339134
ghsarp-6-8-0,6,8,8,35.8195,50.3292,47.2034,3,2.38,38.9454,Optimal,38.9454,38.9477,0.0058129,-3.12588,1.02171,0.184522,41.89,0.318914
ghsarp-6-8-1,6,8,8,34.2771,44.8446,41.6613,3,2.25,37.4604,Optimal,37.4604,37.4604,0,-3.18332,1.25249,0.241924,51.352,0.440419
ghsarp-6-8-2,6,8,7,36.6244,32.3123,35.3639,3,3.13,33.5727,Optimal,33.5727,33.5727,0,3.05162,1.04317,0.218371,42.77,0.399623
ghsarp-6-8-3,6,8,8,35.6611,52.5437,51.002,3,7.44,37.2027,Optimal,37.2027,37.2027,0,-1.54164,0.673805,0.117558,27.626,0.198275
ghsarp-6-8-4,6,8,5,31.7588,38.942,32.2948,1,2.74,38.406,Optimal,38.406,38.406,0,-6.6472,0.242537,0.0595504,9.944,0.108301
ghsarp-6-8-5,6,8,3,38.9682,27.559,34.2378,1,3.33,32.2894,Optimal,32.2894,32.2894,0,6.6788,0.227463,0.0547976,9.326,0.0858037
ghsarp-6-8-6,6,8,6,37.4281,38.1312,37.6804,2,15.4,37.8788,Optimal,37.8788,37.8804,0.00417102,-0.45078,0.594244,0.124642,24.364,0.214714
ghsarp-6-8-7,6,8,7,34.048,38.9705,37.1487,2,16.41,35.8698,Optimal,35.8698,35.8698,0,-1.82184,0.797122,0.167412,32.682,0.307202
ghsarp-6-8-8,6,8,7,33.6991,43.8127,37.0999,2,1.96,40.4119,Optimal,40.4119,40.4154,0.00864209,-6.71282,0.617073,0.130076,25.3,0.239429
ghsarp-6-8-9,6,8,6,46.4899,44.1172,40.0053,3,143.93,50.6018,Optimal,50.6018,50.605,0.00619193,-4.1119,1.22883,0.232793,50.382,0.374799
ghsarp-6-9-0,6,9,5,42.4235,42.2371,43.6531,2,240.13,41.0075,Optimal,41.0075,41.0109,0.00819246,1.41602,0.965805,0.188215,39.598,0.292841
ghsarp-6-9-1,6,9,9,45.9929,61.3643,50.6166,3,155.83,56.7406,Optimal,56.7406,56.7461,0.00978336,-10.7477,0.666293,0.105426,27.318,0.174422
ghsarp-6-9-2,6,9,9,37.6492,58.5954,55.3003,3,100.74,40.9443,Optimal,40.9443,40.9484,0.00986615,-3.2951,1.51795,0.244385,62.236,0.409006
ghsarp-6-9-3,6,9,8,30.9312,52.5769,42.4359,2,4.82,41.0722,Optimal,41.0722,41.0722,0,-10.141,1.13556,0.223752,46.558,0.414173
ghsarp-6-9-4,6,9,9,29.1277,64.6328,63.078,2,43.4,30.6826,Optimal,30.6826,30.6826,0,-1.55484,0.75039,0.119888,30.766,0.199621
ghsarp-6-9-5,6,9,8,35.3077,53.8634,31.5569,2,7.37,57.6141,Optimal,57.6141,57.6193,0.00896346,-22.3065,0.67322,0.143681,27.602,0.286209
ghsarp-6-9-6,6,9,9,37.3802,55.204,45.5685,2,21.91,47.0157,Optimal,47.0157,47.0157,0,-9.63548,1.11473,0.196124,45.704,0.350126
ghsarp-6-9-7,6,9,6,37.0177,43.6059,48.0553,1,12.22,32.5683,Optimal,32.5683,32.5711,0.00856837,4.44938,0.280439,0.0529116,11.498,0.0849778
ghsarp-6-9-8,6,9,9,37.1431,70.8827,40.365,2,26.37,67.6608,Optimal,67.6608,67.6668,0.0088816,-30.5177,0.381805,0.070734,15.654,0.131759
ghsarp-6-9-9,6,9,8,35.4878,54.1323,48.9725,3,0.87,40.6476,Optimal,40.6476,40.6476,-1.74806e-14,-5.15978,1.13361,0.20183,46.478,0.345264
ghsarp-7-5-0,7,5,4,39.6637,23.3785,30.935,1,0.29,32.1072,Optimal,32.1072,32.1073,0.0003548,7.55654,0.513707,0.122302,21.062,0.217031
ghsarp-7-5-1,7,5,4,38.4291,24.3894,41.1268,2,0.27,21.6917,Optimal,21.6917,21.6917,0,16.7374,0.791512,0.168843,32.452,0.277282
ghsarp-7-5-2,7,5,4,39.7914,28.815,40.1102,2,0.31,28.4962,Optimal,28.4962,28.4962,0,11.2952,0.871854,0.185807,35.746,0.304958
ghsarp-7-5-3,7,5,5,45.4116,31.2844,35.2415,2,0.99,41.4545,Optimal,41.4545,41.4579,0.00829037,3.95714,0.679561,0.140368,27.862,0.239175
ghsarp-7-5-4,7,5,4,34.8381,30.0517,38.1046,2,0.17,26.7852,Optimal,26.7852,26.7852,0,8.0529,1.26137,0.28838,51.716,0.496477
ghsarp-7-5-5,7,5,4,38.2786,21.3865,18.8149,2,0.1,40.8502,Optimal,40.8502,40.8502,0,-2.57154,0.391659,0.111953,16.058,0.23522
ghsarp-7-5-6,7,5,4,38.7061,23.2523,30.6259,2,0.05,31.3325,Optimal,31.3325,31.3325,0,7.37358,0.790195,0.190733,32.398,0.342134
ghsarp-7-5-7,7,5,5,45.9451,38.3244,33.8523,2,0.35,50.4172,Optimal,50.4172,50.4172,0,-4.47212,0.659268,0.137622,27.03,0.23626
ghsarp-7-5-8,7,5,5,37.5137,51.6327,61.5379,2,0.24,27.6085,Optimal,27.6085,27.6085,0,9.90522,1.67434,0.283902,68.648,0.429582
ghsarp-7-5-9,7,5,5,42.6881,30.4809,32.5763,2,0.5,40.5928,Optimal,40.5928,40.5928,0,2.09534,0.83561,0.182312,34.26,0.323452
ghsarp-7-6-0,7,6,6,38.0689,37.2913,36.6114,2,3.45,38.7487,Optimal,38.7487,38.7515,0.00714887,-0.67986,0.537073,0.11268,22.02,0.20659
ghsarp-7-6-1,7,6,5,40.9975,31.7741,48.4766,2,0.79,24.295,Optimal,24.295,24.295,0,16.7026,1.60751,0.300237,65.908,0.479261
ghsarp-7-6-2,7,6,6,44.0835,50.724,50.4519,3,0.67,44.3556,Optimal,44.3556,44.3556,0,-0.2721,0.982829,0.170701,40.296,0.273698
ghsarp-7-6-3,7,6,5,46.4125,40.9705,46.3698,2,9.69,41.0132,Optimal,41.0132,41.0132,0,5.39936,1.02454,0.187159,42.006,0.294903
ghsarp-7-6-4,7,6,5,49.1861,33.1668,46.2309,2,8.2,36.122,Optimal,36.122,36.1235,0.00393668,13.0641,1.08551,0.194346,44.506,0.302754
ghsarp-7-6-5,7,6,5,36.9106,34.8534,35.719,3,0.56,36.045,Optimal,36.045,36.0478,0.00765651,0.86562,1.0958,0.243359,44.928,0.437826
ghsarp-7-6-6,7,6,6,42.6391,38.8384,47.5198,2,3.17,33.9577,Optimal,33.9577,33.9577,0,8.68146,0.817024,0.147469,33.498,0.242178
ghsarp-7-6-7,7,6,5,45.6396,28.1354,35.1376,2,0.7,38.6374,Optimal,38.6374,38.6374,-1.839e-14,7.0022,0.892146,0.184118,36.578,0.313528
ghsarp-7-6-8,7,6,5,42.0919,35.3049,42.3071,2,0.26,35.0897,Optimal,35.0897,35.0897,0,7.00222,0.929268,0.183148,38.1,0.302314
ghsarp-7-6-9,7,6,5,36.1753,30.1025,29.612,2,0.65,36.6657,Optimal,36.6657,36.6657,0,-0.49042,0.850049,0.204951,34.852,0.395821
ghsarp-7-7-0,7,7,6,39.4198,41.5575,45.5731,2,2.92,35.4041,Optimal,35.4041,35.4041,0,4.01566,0.810439,0.152932,33.228,0.258704
ghsarp-7-7-1,7,7,5,41.6986,26.1384,32.982,2,23.74,34.855,Optimal,34.855,34.856,0.00286754,6.84362,1.10385,0.241936,45.258,0.430758
ghsarp-7-7-2,7,7,5,42.2435,23.6218,35.8809,3,0.09,29.9844,Optimal,29.9844,29.9844,-1.18485e-14,12.2591,1.57995,0.33335,64.778,0.576707
ghsarp-7-7-3,7,7,7,42.3541,44.7755,43.5316,2,2.35,43.598,Optimal,43.598,43.598,0,-1.2439,0.433512,0.07906,17.774,0.137623
ghsarp-7-7-4,7,7,7,40.399,43.9007,45.6072,3,15.58,38.6926,Optimal,38.6926,38.6963,0.00974192,1.70644,1.3939,0.25299,57.15,0.438832
ghsarp-7-7-5,7,7,7,45.3067,51.4703,57.8229,2,332.08,38.9541,Optimal,38.9541,38.9564,0.00577219,6.3526,0.436683,0.0685807,17.904,0.108248
ghsarp-7-7-6,7,7,6,41.5618,38.1312,41.55,2,7.34,38.1431,Optimal,38.1431,38.146,0.00771806,3.41874,0.607854,0.117399,24.922,0.201876
ghsarp-7-7-7,7,7,4,38.9626,25.8867,25.7922,2,1.39,39.0571,Optimal,39.0571,39.0571,0,-0.09452,0.653805,0.167744,26.806,0.316721
ghsarp-7-7-8,7,7,4,42.0554,20.3274,26.4132,2,1.92,35.9696,Optimal,35.9696,35.9696,0,6.08582,0.749073,0.184369,30.712,0.335973
ghsarp-7-7-9,7,7,7,51.2153,47.9926,50.934,3,28.62,48.274,Optimal,48.274,48.2777,0.00762257,2.94134,1.20941,0.193352,49.586,0.308394
ghsarp-7-8-0,7,8,7,46.5881,54.2126,54.9728,2,361.57,45.828,Optimal,45.828,45.8323,0.00938766,0.76012,0.997902,0.159126,40.914,0.253416
ghsarp-7-8-1,7,8,8,50.5484,56.7086,46.5722,3,31.25,60.6848,Optimal,60.6848,60.6884,0.00592419,-10.1364,0.646976,0.104997,26.526,0.17668
ghsarp-7-8-2,7,8,8,45.7958,48.7107,50.4261,3,1.43,44.0804,Optimal,44.0804,44.081,0.00124892,1.71538,1.52839,0.248001,62.664,0.41727
ghsarp-7-8-3,7,8,6,36.686,40.1813,47.4288,1,2.41,29.4386,Optimal,29.4386,29.4401,0.00512756,7.24744,0.255415,0.048367,10.472,0.0820188
ghsarp-7-8-4,7,8,8,35.8607,56.8066,48.909,3,8.5,43.7582,Optimal,43.7582,43.7601,0.00444883,-7.89752,0.997659,0.17635,40.904,0.315988
ghsarp-7-8-5,7,8,8,40.1562,56.5144,44.9687,2,7.32,51.7019,Optimal,51.7019,51.7053,0.00653899,-11.5457,0.731561,0.12989,29.994,0.233565
ghsarp-7-8-6,7,8,8,45.0354,46.0348,45.0717,2,57.87,45.9985,Optimal,45.9985,46.0021,0.0078187,-0.9631,1.21634,0.20805,49.87,0.363479
ghsarp-7-8-7,7,8,8,43.1806,53.3455,55.9213,2,31.43,40.6048,Optimal,40.6048,40.6081,0.00823351,2.57582,0.542098,0.0854734,22.226,0.141087
ghsarp-7-8-8,7,8,6,44.6455,47.4106,36.0346,2,77.19,56.0216,Optimal,56.0216,56.0262,0.00826687,-11.3761,0.818927,0.163224,33.576,0.287289
ghsarp-7-8-9,7,8,3,42.5445,23.7427,30.5992,1,3.98,35.688,Optimal,35.688,35.688,0,6.85654,0.402439,0.0972285,16.5,0.16277
ghsarp-8-5-0,8,5,5,46.1356,27.5228,35.846,3,0.38,37.8125,Optimal,37.8125,37.8148,0.00603609,8.32314,1.11234,0.225521,45.606,0.402198
ghsarp-8-5-1,8,5,4,47.1263,24.8276,40.8949,3,1.38,31.059,Optimal,31.059,31.0591,0.000288033,16.0673,1.04132,0.205155,42.694,0.338556
ghsarp-8-5-2,8,5,5,48.9115,45.6716,53.613,2,0.1,40.9701,Optimal,40.9701,40.9701,0,7.9414,1.61093,0.268794,66.048,0.420994
ghsarp-8-5-3,8,5,5,54.2194,35.3879,43.1931,3,0.69,46.4142,Optimal,46.4142,46.4142,0,7.80518,1.47112,0.259558,60.316,0.420186
ghsarp-8-5-4,8,5,4,53.7691,28.4713,33.2828,3,0.34,48.9576,Optimal,48.9576,48.9576,0,4.8115,0.507512,0.102396,20.808,0.171666
ghsarp-8-5-5,8,5,3,41.7831,25.7513,32.1117,2,1.13,35.4227,Optimal,35.4227,35.4227,0,6.36042,0.85122,0.201962,34.9,0.357443
ghsarp-8-5-6,8,5,5,46.1721,35.6718,55.0454,2,0.5,26.7984,Optimal,26.7984,26.7984,-1.32572e-14,19.3737,1.18912,0.199789,48.754,0.314149
ghsarp-8-5-7,8,5,5,49.7597,28.1354,45.5924,2,0.18,32.3026,Optimal,32.3026,32.3041,0.00465825,17.4571,1.56044,0.278442,63.978,0.453944
ghsarp-8-5-8,8,5,5,49.2159,33.1984,43.7018,3,0.22,38.7124,Optimal,38.7124,38.7124,0,10.5035,1.28941,0.235266,52.866,0.389081
ghsarp-8-5-9,8,5,5,41.3693,29.9763,33.8597,3,0.27,37.4859,Optimal,37.4859,37.4859,0,3.88338,0.755902,0.163507,30.992,0.307729
ghsarp-8-6-0,8,6,6,43.7804,42.6929,38.5646,2,0.54,47.9087,Optimal,47.9087,47.9087,0,-4.12834,0.643854,0.125206,26.398,0.229209
ghsarp-8-6-1,8,6,5,46.7581,24.7241,34.7466,2,2.08,36.7356,Optimal,36.7356,36.7356,0,10.0225,1.34522,0.274497,55.154,0.492033
ghsarp-8-6-2,8,6,6,47.5982,26.1078,41.7873,3,0.94,31.9188,Optimal,31.9188,31.9188,0,15.6795,0.998976,0.182408,40.958,0.317814
ghsarp-8-6-3,8,6,5,49.3789,31.4238,40.7486,2,4.63,40.0541,Optimal,40.0541,40.0541,0,9.32482,0.738293,0.138489,30.27,0.233313
ghsarp-8-6-4,8,6,6,45.5075,38.44,46.0405,3,17.48,37.907,Optimal,37.907,37.9074,0.00121348,7.6005,1.38683,0.24709,56.86,0.422902
ghsarp-8-6-5,8,6,6,51.0581,45.0733,48.0176,3,2.81,48.1139,Optimal,48.1139,48.1139,0,2.94422,1.332,0.223678,54.612,0.367787
ghsarp-8-6-6,8,6,4,47.7544,23.0531,42.7386,1,5.32,28.0689,Optimal,28.0689,28.0689,0,19.6855,0.591024,0.11365,24.232,0.184673
ghsarp-8-6-7,8,6,5,45.5018,28.9122,34.0032,2,0.46,40.4108,Optimal,40.4108,40.4148,0.00976289,5.09096,0.705707,0.146793,28.934,0.267229
ghsarp-8-6-8,8,6,5,46.8766,28.5802,42.4985,2,0.19,32.9584,Optimal,32.9584,32.96,0.0050356,13.9182,0.818098,0.153871,33.542,0.259705
ghsarp-8-6-9,8,6,6,56.9337,41.6438,42.2188,3,8.5,56.3587,Optimal,56.3587,56.3587,0,0.57502,1.41302,0.239539,57.934,0.396292
ghsarp-8-7-0,8,7,5,52.6735,41.1232,45.4526,2,11.62,48.3441,Optimal,48.3441,48.3441,0,4.3294,0.952585,0.166494,39.056,0.267973
ghsarp-8-7-1,8,7,7,54.4895,52.9477,51.5228,2,2.29,55.9145,Optimal,55.9145,55.9145,0,-1.42496,1.24829,0.193404,51.18,0.315677
ghsarp-8-7-2,8,7,7,50.6329,43.6451,65.0357,2,200.5,29.2423,Optimal,29.2423,29.2426,0.00101183,21.3906,1.79171,0.255746,73.46,0.397644
ghsarp-8-7-3,8,7,6,41.4764,41.1773,45.5704,2,6.69,37.0834,Optimal,37.0834,37.0864,0.00800194,4.39304,0.844488,0.155947,34.624,0.274015
ghsarp-8-7-4,8,7,6,41.1458,44.3297,47.0157,2,9.96,38.4598,Optimal,38.4598,38.4598,-1.84749e-14,2.68602,0.523317,0.0955355,21.456,0.166429
ghsarp-8-7-5,8,7,7,46.8253,48.7811,46.7581,3,6.51,48.8484,Optimal,48.8484,48.8511,0.00560551,-2.02304,1.21473,0.206807,49.804,0.360053
ghsarp-8-7-6,8,7,6,49.4553,33.4218,31.7547,2,1.16,51.1224,Optimal,51.1224,51.1224,0,-1.66708,0.749951,0.14927,30.748,0.278711
ghsarp-8-7-7,8,7,6,51.578,35.6977,48.3534,2,1.15,38.9223,Optimal,38.9223,38.9253,0.00775983,12.6557,1.57337,0.262445,64.508,0.429681
ghsarp-8-7-8,8,7,7,50.0572,56.0337,38.4854,3,112.7,67.6054,Optimal,67.6054,67.6108,0.00797879,-17.5482,0.329171,0.0590609,13.496,0.107103
ghsarp-8-7-9,8,7,5,48.9651,32.6522,41.7119,3,0.65,39.9054,Optimal,39.9054,39.9054,0,9.05966,1.582,0.294906,64.862,0.494722
ghsarp-9-5-0,9,5,5,49.6572,36.1133,43.6623,2,0.62,42.1082,Optimal,42.1082,42.1103,0.00497767,7.54896,0.760146,0.137571,31.166,0.23813
ghsarp-9-5-1,9,5,5,52.0307,24.9266,37.5645,2,7.96,39.3927,Optimal,39.3927,39.3944,0.00426819,12.6379,1.40639,0.26517,57.662,0.47347
ghsarp-9-5-2,9,5,4,52.0238,17.6697,39.1874,2,0.34,30.5062,Optimal,30.5062,30.5062,0,21.5177,1.06112,0.203171,43.506,0.347209
ghsarp-9-5-3,9,5,5,55.0836,30.1954,43.1149,4,1.39,42.1641,Optimal,42.1641,42.166,0.00436371,12.9195,1.53883,0.26862,63.092,0.453221
ghsarp-9-5-4,9,5,5,51.3911,31.8504,45.3643,2,0.29,37.8773,Optimal,37.8773,37.8773,0,13.5138,0.736098,0.129369,30.18,0.2193
ghsarp-9-5-5,9,5,4,55.6821,30.2309,39.8388,3,1.05,46.0743,Optimal,46.0743,46.0743,-1.54217e-14,9.60782,1.30546,0.241132,53.524,0.402025
ghsarp-9-5-6,9,5,5,53.1467,31.4155,38.7495,3,0.35,45.8128,Optimal,45.8128,45.8128,0,7.33396,1.43424,0.264899,58.804,0.465516
ghsarp-9-5-7,9,5,4,51.0218,24.1786,39.0476,2,0.46,36.1528,Optimal,36.1528,36.1528,0,14.869,1.13527,0.219481,46.546,0.377686
ghsarp-9-5-8,9,5,4,51.8859,20.5,39.4045,3,0.33,32.9814,Optimal,32.9814,32.9814,0,18.9045,1.4579,0.278842,59.774,0.476165
ghsarp-9-5-9,9,5,4,64.8089,28.2788,33.1034,3,0.55,59.9843,Optimal,59.9843,59.9884,0.00679318,4.82466,0.97678,0.179315,40.048,0.297741
ghsarp-9-6-0,9,6,5,58.2938,41.1232,59.7098,3,4.21,39.7072,Optimal,39.7072,39.7072,0,18.5866,1.65995,0.246067,68.058,0.376186
ghsarp-9-6-1,9,6,6,60.5203,46.144,49.7895,3,2.08,56.8748,Optimal,56.8748,56.8793,0.00785563,3.64544,1.0081,0.155526,41.332,0.253173
ghsarp-9-6-2,9,6,5,57.2758,30.5307,38.008,2,4.47,49.7986,Optimal,49.7986,49.7986,0,7.47722,0.655902,0.118145,26.892,0.203801
ghsarp-9-6-3,9,6,5,47.0455,35.0459,45.2116,2,0.58,36.8798,Optimal,36.8798,36.8798,0,10.1656,1.53541,0.279376,62.952,0.485501
ghsarp-9-6-4,9,6,4,45.2522,32.7309,37.961,3,5.41,40.0221,Optimal,40.0221,40.0221,-1.77538e-14,5.23014,1.07005,0.219811,43.872,0.396114
ghsarp-9-6-5,9,6,6,53.3029,41.3267,41.4736,2,6.67,53.156,Optimal,53.156,53.1577,0.00309713,0.14688,0.425268,0.0741907,17.436,0.131577
ghsarp-9-6-6,9,6,6,53.4625,37.7195,45.8096,2,14.32,45.3725,Optimal,45.3725,45.3728,0.000628012,8.09002,1.01049,0.169294,41.43,0.291305
ghsarp-9-6-7,9,6,6,58.0168,35.6977,45.8657,3,11.61,47.8488,Optimal,47.8488,47.8516,0.0058751,10.168,0.66439,0.107739,27.24,0.181197
ghsarp-9-6-8,9,6,6,58.2163,46.1308,38.5324,5,0.57,65.8147,Optimal,65.8147,65.8147,-2.15922e-14,-7.5984,1.10151,0.190363,45.162,0.335174
ghsarp-9-6-9,9,6,5,54.2001,32.8182,53.7998,2,0.21,33.2186,Optimal,33.2186,33.2186,-2.13899e-14,20.9815,1.27224,0.203319,52.162,0.324217
