Instance Name , n, m, served, prof Customer, prof Cust Part, prof Parcel, costs, K, Sol Time, Sol Val, sol Stat, LB, UB, GAP, vrps, e(h), et(%), e(km), ed(%) 
sarp-10-10-A-1,10,10,10,57.326,46.194,0,63.158,2,0.01,-5.832,Optimal,-5.832,-5.832,6.09176e-14,63.158,1.11707,0.222727,45.8,0.444085
sarp-10-10-A-2,10,10,10,62.064,48.816,0,54.28,3,0.01,7.784,Optimal,7.784,7.784,-2.28206e-14,54.28,1.01707,0.223792,41.7,0.497416
sarp-10-10-B-1,10,10,10,71.643,54.117,0,52.67,3,0.01,18.973,Optimal,18.973,18.973,0,52.67,0.780488,0.175023,32,0.39834
sarp-10-10-B-2,10,10,10,71.025,53.775,0,50.462,3,0.01,20.563,Optimal,20.563,20.563,0,50.462,0.856098,0.197154,35.1,0.464695
sarp-10-10-C-1,10,10,10,143.331,93.789,0,80.086,3,0.01,63.245,Optimal,63.245,63.245,-1.12348e-14,80.086,1.07805,0.182318,44.2,0.315865
sarp-10-10-C-2,10,10,10,154.455,99.945,0,88.642,3,0,65.813,Optimal,65.813,65.813,0,88.642,1.12195,0.176223,46,0.29016
sarp-10-15-A-1,10,15,10,54.133,44.427,0,37.26,4,0.01,16.873,Optimal,16.873,16.873,0,37.26,0.77561,0.212946,31.8,0.679004
sarp-10-15-A-2,10,15,10,53.721,44.199,0,57.086,3,0.01,-3.365,Optimal,-3.365,-3.365,1.05578e-13,57.086,1.1561,0.246319,47.4,0.527057
sarp-10-15-B-1,10,15,10,69.171,52.749,0,51.014,3,0.01,18.157,Optimal,18.157,18.157,-1.95666e-14,51.014,1.00976,0.230984,41.4,0.539531
sarp-10-15-B-2,10,15,10,68.862,52.578,0,44.85,4,0.02,24.012,Optimal,24.012,24.012,-1.47956e-14,44.85,1.03902,0.256884,42.6,0.672632
sarp-10-15-C-1,10,15,10,147.966,96.354,0,84.64,3,0.02,63.326,Optimal,63.326,63.326,0,84.64,1.42195,0.231044,58.3,0.389099
sarp-10-15-C-2,10,15,10,202.041,126.279,0,124.016,3,0.01,78.025,Optimal,78.025,78.025,0,124.016,2.10488,0.255376,86.3,0.366558
sarp-10-20-A-1,10,20,10,51.558,43.002,0,52.394,2,0.01,-0.836,Optimal,-0.836,-0.836,-0,52.394,0.682927,0.153649,28,0.351171
sarp-10-20-A-2,10,20,10,56.811,45.909,0,46.092,3,0.01,10.719,Optimal,10.719,10.719,0,46.092,0.797561,0.194027,32.7,0.495204
sarp-10-20-B-1,10,20,10,68.759,52.521,0,59.57,2,0.01,9.189,Optimal,9.189,9.189,0,59.57,0.753659,0.156192,30.9,0.324126
sarp-10-20-B-2,10,20,10,68.965,52.635,0,53.406,3,0.01,15.559,Optimal,15.559,15.559,0,53.406,0.697561,0.15507,28.6,0.349064
sarp-10-20-C-1,10,20,10,175.055,111.345,0,100.418,4,0.02,74.637,Optimal,74.637,74.637,0,100.418,1.95122,0.279102,80,0.434468
sarp-10-20-C-2,10,20,10,187.724,118.356,0,104.788,4,0.02,82.936,Optimal,82.936,82.936,0,104.788,1.9,0.263057,77.9,0.402307
sarp-5-15-A-1,5,15,5,28.457,22.983,0,15.916,2,0,12.541,Optimal,12.541,12.541,0,15.916,0.290244,0.173049,11.9,0.679353
sarp-5-15-A-2,5,15,5,29.693,23.667,0,18.262,2,0,11.431,Optimal,11.431,11.431,-4.66195e-14,18.262,0.302439,0.16787,12.4,0.548268
sarp-5-15-B-1,5,15,5,26.294,21.786,0,25.99,2,0,0.304,Optimal,0.304,0.304,-2.92164e-13,25.99,0.421951,0.190809,17.3,0.438901
sarp-5-15-B-2,5,15,5,34.74,26.46,0,25.576,2,0,9.164,Optimal,9.164,9.164,-7.75363e-14,25.576,0.590244,0.269588,24.2,0.628299
sarp-5-15-C-1,5,15,5,90.154,57.126,0,55.706,2,0,34.448,Optimal,34.448,34.448,0,55.706,1.56341,0.412838,64.1,0.616247
sarp-5-15-C-2,5,15,5,86.137,54.903,0,52.946,3,0.01,33.191,Optimal,33.191,33.191,0,52.946,1.7,0.46695,69.7,0.711104
sarp-5-20-A-1,5,20,5,28.251,22.869,0,30.912,3,0,-2.661,Optimal,-2.661,-2.661,-0,30.912,0.939024,0.379809,38.5,0.768208
sarp-5-20-A-2,5,20,5,28.354,22.926,0,27.554,2,0,0.8,Optimal,0.8,0.8,-2.22045e-13,27.554,0.863415,0.376329,35.4,0.826781
sarp-5-20-B-1,5,20,5,32.989,25.491,0,31.05,2,0.01,1.939,Optimal,1.939,1.939,0,31.05,0.880488,0.355082,36.1,0.716033
sarp-5-20-B-2,5,20,5,35.152,26.688,0,27.462,2,0.01,7.69,Optimal,7.69,7.69,-5.77489e-14,27.462,0.639024,0.279119,26.2,0.614783
sarp-5-20-C-1,5,20,5,94.686,59.634,0,64.814,2,0,29.872,Optimal,29.872,29.872,1.18931e-14,64.814,0.563415,0.13195,23.1,0.186566
sarp-5-20-C-2,5,20,5,64.095,42.705,0,41.262,2,0.01,22.833,Optimal,22.833,22.833,0,41.262,1.22195,0.404467,50.1,0.689924
sarp-5-30-A-1,5,30,5,20.938,18.822,0,24.196,2,0.01,-3.258,Optimal,-3.258,-3.258,-0,24.196,0.395122,0.186708,16.2,0.456124
sarp-5-30-A-2,5,30,5,25.676,21.444,0,22.632,3,0,3.044,Optimal,3.044,3.044,-8.7534e-14,22.632,0.565854,0.278289,23.2,0.722366
sarp-5-30-B-1,5,30,5,25.779,21.501,0,23.046,3,0,2.733,Optimal,2.733,2.733,-3.24983e-14,23.046,0.660976,0.321598,27.1,0.820798
sarp-5-30-B-2,5,30,5,33.71,25.89,0,28.75,2,0,4.96,Optimal,4.96,4.96,-3.58136e-14,28.75,0.790244,0.335172,32.4,0.713394
sarp-5-30-C-1,5,30,5,74.91,48.69,0,34.178,3,0.01,40.732,Optimal,40.732,40.732,-1.74443e-14,34.178,1.23902,0.468347,50.8,0.887853
sarp-5-30-C-2,5,30,5,71.408,46.752,0,52.854,2,0,18.554,Optimal,18.554,18.554,0,52.854,1.35854,0.373658,55.7,0.569433
sarp-10-30-A-1,10,30,10,49.704,41.976,0,57.684,2,0.01,-7.98,Optimal,-7.98,-7.98,-0,57.684,1.04878,0.221955,43,0.471319
sarp-10-30-A-2,10,30,10,52.382,43.458,0,55.66,2,0.01,-3.278,Optimal,-3.278,-3.278,5.41903e-14,55.66,0.463415,0.100352,19,0.21881
sarp-10-30-B-1,10,30,10,52.794,43.686,0,42.228,2,0.01,10.566,Optimal,10.566,10.566,0,42.228,0.443902,0.113655,18.2,0.315789
sarp-10-30-B-2,10,30,10,56.399,45.681,0,41.492,3,0.02,14.907,Optimal,14.907,14.907,0,41.492,0.6,0.155172,24.6,0.439024
sarp-10-30-C-1,10,30,10,134.885,89.115,0,76.452,4,0.03,58.433,Optimal,58.433,58.433,0,76.452,1.66341,0.29079,68.2,0.516536
sarp-10-30-C-2,10,30,10,151.571,98.349,0,96.922,3,0.02,54.649,Optimal,54.649,54.649,0,96.922,1.20732,0.177398,49.5,0.2804
sarp-15-10-A-1,15,10,10,93.817,73.623,0,88.78,3,0.02,5.037,Optimal,5.037,5.037,-1.41065e-13,88.78,1.11707,0.154992,45.8,0.323104
sarp-15-10-A-2,15,10,10,82.59,67.41,0,69.046,3,0.03,13.544,Optimal,13.544,13.544,-1.04924e-13,69.046,1.42439,0.231196,58.4,0.590794
sarp-15-10-B-1,15,10,10,90.624,71.856,0,75.9,5,0.03,14.724,Optimal,14.724,14.724,0,75.9,1.76829,0.271028,72.5,0.637363
sarp-15-10-B-2,15,10,10,100.821,77.499,0,78.844,3,0.03,21.977,Optimal,21.977,21.977,0,78.844,2.05854,0.308142,84.4,0.702455
sarp-15-10-C-1,15,10,10,245.124,157.356,0,145.774,3,0.03,99.35,Optimal,99.35,99.35,0,145.774,3.42195,0.334526,140.3,0.528139
sarp-15-10-C-2,15,10,10,206.911,136.209,0,114.678,4,0.03,92.233,Optimal,92.233,92.233,0,114.678,2.27561,0.265208,93.3,0.471093
sarp-15-15-A-1,15,15,15,98.452,76.188,0,62.56,5,0.04,35.892,Optimal,35.892,35.892,0,62.56,1.29024,0.221803,52.9,0.624189
sarp-15-15-A-2,15,15,15,88.049,70.431,0,79.35,4,0.02,8.699,Optimal,8.699,8.699,-6.12607e-14,79.35,1.30976,0.195273,53.7,0.442887
sarp-15-15-B-1,15,15,15,100.615,77.385,0,78.016,3,0.02,22.599,Optimal,22.599,22.599,0,78.016,0.65122,0.0981257,26.7,0.225602
sarp-15-15-B-2,15,15,15,99.07,76.53,0,82.938,4,0.04,16.132,Optimal,16.132,16.132,0,82.938,0.936585,0.135785,38.4,0.297559
sarp-15-15-C-1,15,15,15,275.303,174.057,0,142.186,8,0.05,133.117,Optimal,133.117,133.117,0,142.186,4.16341,0.414723,170.7,0.662013
sarp-15-15-C-2,15,15,15,237.811,153.309,0,151.846,3,0.02,85.965,Optimal,85.965,85.965,0,151.846,2.0561,0.194868,84.3,0.302313
sarp-15-20-A-1,15,20,15,75.586,63.534,0,53.452,4,0.03,22.134,Optimal,22.134,22.134,-1.60509e-14,53.452,0.853659,0.160037,35,0.538876
sarp-15-20-A-2,15,20,15,74.865,63.135,0,54.142,3,0.03,20.723,Optimal,20.723,20.723,0,54.142,0.482927,0.0899183,19.8,0.297968
sarp-15-20-B-1,15,20,15,79.912,65.928,0,66.148,3,0.03,13.764,Optimal,13.764,13.764,0,66.148,0.67561,0.112464,27.7,0.299298
sarp-15-20-B-2,15,20,15,90.418,71.742,0,67.896,4,0.03,22.522,Optimal,22.522,22.522,0,67.896,1.39024,0.227909,57,0.591593
sarp-15-20-C-1,15,20,15,243.476,156.444,0,137.264,4,0.03,106.212,Optimal,106.212,106.212,0,137.264,2.00732,0.205288,82.3,0.332996
sarp-15-20-C-2,15,20,15,252.334,161.346,0,151.938,3,0.03,100.396,Optimal,100.396,100.396,0,151.938,1.84878,0.175139,75.8,0.271636
sarp-15-30-A-1,15,30,15,77.955,64.845,0,77.786,3,0.03,0.169,Optimal,0.169,0.169,0,77.786,1.21707,0.183726,49.9,0.42342
sarp-15-30-A-2,15,30,15,77.646,64.674,0,65.228,4,0.03,12.418,Optimal,12.418,12.418,0,65.228,1.27805,0.21449,52.4,0.578686
sarp-15-30-B-1,15,30,15,85.989,69.291,0,75.44,3,0.03,10.549,Optimal,10.549,10.549,0,75.44,0.656098,0.100938,26.9,0.238581
sarp-15-30-B-2,15,30,15,89.697,71.343,0,79.58,3,0.04,10.117,Optimal,10.117,10.117,-3.51163e-14,79.58,1.51707,0.225771,62.2,0.510883
sarp-15-30-C-1,15,30,15,243.476,156.444,0,129.582,6,0.05,113.894,Optimal,113.894,113.894,0,129.582,2.40976,0.257158,98.8,0.428726
sarp-15-30-C-2,15,30,15,236.06,152.34,0,147.752,4,0.04,88.308,Optimal,88.308,88.308,0,147.752,2.17805,0.210762,89.3,0.330802
sarp-20-10-A-1,20,10,10,113.725,91.875,0,73.83,4,0.05,39.895,Optimal,39.895,39.895,0,73.83,2.23659,0.308581,91.7,0.994937
sarp-20-10-A-2,20,10,10,111.047,90.393,0,121.67,3,0.04,-10.623,Optimal,-10.623,-10.623,-0,121.67,3.10488,0.317324,127.3,0.648938
sarp-20-10-B-1,20,10,10,133.707,102.933,0,116.978,3,0.03,16.729,Optimal,16.729,16.729,0,116.978,3.7,0.388013,151.7,0.815738
sarp-20-10-B-2,20,10,10,144.728,109.032,0,100.142,6,0.05,44.586,Optimal,44.586,44.586,0,100.142,2.77805,0.321418,113.9,0.762553
sarp-20-10-C-1,20,10,10,324.772,208.668,0,182.252,4,0.04,142.52,Optimal,142.52,142.52,0,182.252,2.99756,0.230639,122.9,0.374847
sarp-20-10-C-2,20,10,10,337.441,215.679,0,196.512,5,0.05,140.929,Optimal,140.929,140.929,0,196.512,4.77073,0.346891,195.6,0.545049
sarp-20-15-A-1,20,15,15,111.047,90.393,0,80.454,4,0.04,30.593,Optimal,30.593,30.593,-2.32257e-14,80.454,1.31463,0.172997,53.9,0.505787
sarp-20-15-A-2,20,15,15,103.116,86.004,0,79.35,4,0.04,23.766,Optimal,23.766,23.766,0,79.35,1.23659,0.163989,50.7,0.48672
sarp-20-15-B-1,20,15,15,124.128,97.632,0,83.26,5,0.05,40.868,Optimal,40.868,40.868,-3.47726e-14,83.26,1.89268,0.244281,77.6,0.688757
sarp-20-15-B-2,20,15,15,124.849,98.031,0,94.162,4,0.05,30.687,Optimal,30.687,30.687,-1.15773e-14,94.162,2.23659,0.268626,91.7,0.672452
sarp-20-15-C-1,20,15,15,345.578,220.182,0,192.786,5,0.06,152.792,Optimal,152.792,152.792,0,192.786,3.51951,0.259641,144.3,0.411385
sarp-20-15-C-2,20,15,15,301.391,195.729,0,176.272,4,0.06,125.119,Optimal,125.119,125.119,0,176.272,2.9,0.228712,118.9,0.37762
sarp-20-20-A-1,20,20,20,96.833,82.527,0,81.88,3,0.05,14.953,Optimal,14.953,14.953,-1.06916e-13,81.88,0.795122,0.103602,32.6,0.297264
sarp-20-20-A-2,20,20,20,105.073,87.087,0,83.306,3,0.04,21.767,Optimal,21.767,21.767,0,83.306,0.690244,0.0890591,28.3,0.250961
sarp-20-20-B-1,20,20,20,117.433,93.927,0,86.526,4,0.05,30.907,Optimal,30.907,30.907,0,86.526,1.57073,0.198296,64.4,0.537712
sarp-20-20-B-2,20,20,20,114.137,92.103,0,87.814,3,0.04,26.323,Optimal,26.323,26.323,-2.69932e-14,87.814,0.468293,0.058614,19.2,0.156649
sarp-20-20-C-1,20,20,20,300.67,195.33,0,173.236,5,0.06,127.434,Optimal,127.434,127.434,-1.11515e-14,173.236,2.02195,0.161514,82.9,0.268923
sarp-20-20-C-2,20,20,20,313.957,202.683,0,174.708,5,0.06,139.249,Optimal,139.249,139.249,0,174.708,2.93171,0.232735,120.2,0.385916
sarp-20-30-A-1,20,30,20,98.378,83.382,0,68.448,6,0.07,29.93,Optimal,29.93,29.93,0,68.448,1.3122,0.188463,53.8,0.6686
sarp-20-30-A-2,20,30,20,93.537,80.703,0,97.106,3,0.05,-3.569,Optimal,-3.569,-3.569,3.48403e-13,97.106,0.721951,0.0851145,29.6,0.207331
sarp-20-30-B-1,20,30,20,116.506,93.414,0,96.738,4,0.05,19.768,Optimal,19.768,19.768,-1.07832e-13,96.738,1.26829,0.14987,52,0.366283
sarp-30-15-A-1,30,15,15,161.369,132.711,0,114.678,5,0.13,46.691,Optimal,46.691,46.691,0,114.678,2.55854,0.230905,104.9,0.714578
sarp-20-30-B-2,20,30,20,111.253,90.507,0,79.442,4,0.05,31.811,Optimal,31.811,31.811,-2.23364e-14,79.442,1.15366,0.152893,47.3,0.45321
sarp-30-15-A-2,30,15,15,143.756,122.964,0,93.748,5,0.16,50.008,Optimal,50.008,50.008,-1.42086e-14,93.748,1.90976,0.191536,78.3,0.772952
sarp-20-30-C-1,20,30,21,339.192,216.648,0,225.032,4,0.07,114.16,Optimal,114.16,114.16,0,225.032,2.79268,0.181953,114.5,0.272058
sarp-30-15-B-1,30,15,15,178.467,142.173,0,116.564,5,0.17,61.903,Optimal,61.903,61.903,-1.14783e-14,116.564,2.95854,0.262658,121.3,0.803844
sarp-20-30-C-2,20,30,20,347.02,220.98,0,187.634,5,0.08,159.386,Optimal,159.386,159.386,-3.5664e-14,187.634,2,0.150578,82,0.241484
sarp-30-15-B-2,30,15,15,178.673,142.287,0,117.576,5,0.14,61.097,Optimal,61.097,61.097,0,117.576,3.47805,0.309596,142.6,0.931417
sarp-30-10-A-1,30,10,10,159.103,131.457,0,103.316,6,0.16,55.787,Optimal,55.787,55.787,-2.54734e-14,103.316,3.44878,0.38079,141.4,1.44286
sarp-30-10-A-2,30,10,10,155.189,129.291,0,102.902,5,0.15,52.287,Optimal,52.287,52.287,0,102.902,3.1439,0.343245,128.9,1.26125
sarp-30-15-C-1,30,15,15,520.736,331.584,0,261.372,9,0.21,259.364,Optimal,259.364,259.364,-2.19165e-14,261.372,6.6,0.349974,270.6,0.581061
sarp-30-10-B-1,30,10,10,191.342,149.298,0,129.214,4,0.13,62.128,Optimal,62.128,62.128,0,129.214,3.7122,0.357585,152.2,0.999343
sarp-30-10-B-2,30,10,10,185.986,146.334,0,127.742,5,0.13,58.244,Optimal,58.244,58.244,0,127.742,4.37073,0.429085,179.2,1.24186
sarp-30-15-C-2,30,15,15,528.152,335.688,0,278.116,9,0.22,250.036,Optimal,250.036,250.036,0,278.116,5.61463,0.284338,230.2,0.458474
sarp-30-10-C-1,30,10,10,462.747,299.493,0,258.796,6,0.17,203.951,Optimal,203.951,203.951,0,258.796,5.2,0.346366,213.2,0.623027
sarp-30-20-A-1,30,20,20,149.112,125.928,0,105.202,7,0.22,43.91,Optimal,43.91,43.91,0,105.202,2.19512,0.207517,90,0.713154
sarp-30-10-C-2,30,10,10,507.861,324.459,0,257.922,8,0.2,249.939,Optimal,249.939,249.939,0,257.922,6.29512,0.421916,258.1,0.762707
sarp-30-20-A-2,30,20,20,155.807,129.633,0,103.132,5,0.14,52.675,Optimal,52.675,52.675,0,103.132,2.12439,0.202936,87.1,0.715694
sarp-30-20-B-1,30,20,20,179.394,142.686,0,110.354,6,0.17,69.04,Optimal,69.04,69.04,0,110.354,1.81707,0.167453,74.5,0.542213
sarp-30-20-B-2,30,20,20,170.948,138.012,0,116.84,6,0.14,54.108,Optimal,54.108,54.108,-1.31319e-14,116.84,2.90976,0.259913,119.3,0.787459
sarp-30-20-C-1,30,20,20,454.713,295.047,0,279.404,6,0.21,175.309,Optimal,175.309,175.309,0,279.404,6.12439,0.309084,251.1,0.497326
sarp-30-20-C-2,30,20,20,495.192,317.448,0,276.368,6,0.15,218.824,Optimal,218.824,218.824,0,276.368,5.3439,0.271904,219.1,0.439695
sarp-30-30-A-1,30,30,30,138.297,119.943,0,101.614,6,0.2,36.683,Optimal,36.683,36.683,-7.74792e-14,101.614,1.43902,0.13853,59,0.498311
sarp-30-30-A-2,30,30,30,146.228,124.332,0,121.67,5,0.15,24.558,Optimal,24.558,24.558,0,121.67,0.841463,0.0734824,34.5,0.212963
sarp-30-30-B-1,30,30,30,163.635,133.965,0,99.59,6,0.17,64.045,Optimal,64.045,64.045,0,99.59,1.04878,0.102017,43,0.377193
sarp-30-30-B-2,30,30,30,166.622,135.618,0,106.168,6,0.15,60.454,Optimal,60.454,60.454,0,106.168,1.19024,0.111978,48.8,0.380359
sarp-30-30-C-1,30,30,30,427.727,280.113,0,219.604,8,0.21,208.123,Optimal,208.123,208.123,0,219.604,3.38293,0.203253,138.7,0.369965
sarp-30-30-C-2,30,30,30,503.535,322.065,0,285.798,7,0.2,217.737,Optimal,217.737,217.737,-1.30532e-14,285.798,3.9122,0.194118,160.4,0.309175
