Instance,feature_V,feature_avgReqPerVehicle,feature_avgReqTripLen,feature_stdReqTripLen,feature_percLoReqTripLen,feature_percHiReqTripLen,feature_avgPassTripLen,feature_stdPassTripLen,feature_avgParcTripLen,feature_stdParcTripLen,feature_avgPassToParcTrip,feature_stdPassToParcTrip,feature_avgPassToPassTrip,feature_stdPassToPassTrip,feature_avgDepotToPassDist,feature_stdDepotToPassDist,feature_avgDepotToParcDist,feature_stdDepotToParcDist,feature_avgDepotToReqDist,feature_stdDepotToReqDist,feature_avgTWLength,feature_TWEntropy,algo_standardMIP,algo_FIP,algo_BCP
ghsarp-10-5-0,15,3.33333,4.0276,2.70584,0.73333,0.26667,4.1852,2.93019,3.7124,2.1549,7.69118,5.65372,7.29352,3.69202,6.7728,4.14313,4.3864,1.56134,5.97733,3.6772,45.93333,0.79982,45.982,43.017,45.982
ghsarp-10-5-1,15,3.33333,4.5948,2.47441,0.46667,0.53333,4.3136,2.86583,5.1572,1.2115,10.42231,5.39528,11.69287,4.67862,7.3138,4.10847,10.2824,5.61754,8.30333,4.87138,38.86667,0.74971,44.274,41.225,44.274
ghsarp-10-5-2,15,3.33333,5.9272,2.72922,0.6,0.4,6.0502,3.12924,5.6812,1.63427,9.65028,4.92451,7.94143,4.67641,11.9706,3.01015,10.6416,3.00383,11.5276,3.07259,54.46667,0.79202,50.323,43.354,50.323
ghsarp-10-5-3,15,3.33333,5.6216,3.31581,0.6,0.4,5.552,3.39761,5.7608,3.14121,9.048,4.81856,8.69886,4.18452,15.4928,4.98486,12.3148,4.69369,14.43347,5.11408,61.2,0.76224,40.512,40.512,40.512
ghsarp-10-5-4,15,3.33333,4.9572,3.22824,0.6,0.4,5.4124,3.77362,4.0468,1.24133,11.2481,6.02972,12.84862,6.97811,6.6728,2.24006,7.1104,5.12289,6.81867,3.48365,46.63333,0.73963,42.391,42.391,42.391
ghsarp-12-6-0,18,4.0,4.56533,3.19578,0.55556,0.44444,3.993,2.52926,5.71,3.98488,9.08668,4.90808,10.17407,4.62353,8.50467,3.55229,9.922,5.55937,8.97711,4.37734,80.58333,0.77375,63.153,59.657,63.153
ghsarp-12-6-1,18,4.0,4.37067,2.25261,0.61111,0.38889,3.92617,1.8774,5.25967,2.6435,8.27531,4.27438,6.37891,4.5484,7.24567,2.72951,7.196,1.66629,7.22911,2.42753,59.25,0.77821,62.077,61.754,62.077
ghsarp-12-6-2,18,4.0,4.03878,2.26382,0.5,0.5,3.9225,1.75412,4.27133,3.0232,7.70545,3.91308,7.46133,3.97043,9.32233,3.32489,10.60467,4.22523,9.74978,3.69949,63.0,0.81091,59.895,59.895,59.895
ghsarp-12-6-3,18,4.0,4.47989,1.5653,0.55556,0.44444,4.63517,1.61477,4.16933,1.411,9.35975,4.47605,8.80953,4.75468,11.28183,3.97786,13.39533,3.12782,11.98633,3.84742,69.27778,0.81091,48.58,46.072,48.58
ghsarp-12-6-4,18,4.0,5.32722,3.75708,0.66667,0.33333,4.03617,2.84551,7.90933,4.01899,7.45102,3.98344,10.92733,4.23727,14.67683,4.7996,12.67233,5.64289,14.00867,5.18309,66.47222,0.7236,57.126,52.949,57.126
ghsarp-6-3-0,9,2.0,6.578,1.75542,0.55556,0.44444,6.17433,1.61502,7.38533,1.74649,8.93147,2.33781,11.86267,3.53355,8.619,3.94788,14.08933,3.37885,10.44244,4.56573,64.27778,0.70002,36.131,36.131,36.131
ghsarp-6-3-1,9,2.0,4.09422,1.27372,0.55556,0.44444,4.37067,1.37387,3.54133,0.79593,6.88787,3.79111,6.72486,3.69062,7.40067,3.53906,9.98533,2.31374,8.26222,3.40866,63.72222,0.65039,30.519,30.242,30.519
ghsarp-6-3-2,9,2.0,5.45333,1.88805,0.44444,0.55556,4.65967,1.789,7.04067,0.71669,11.75471,4.97257,9.58333,3.85748,10.811,3.38002,16.33,2.30066,12.65067,4.01864,61.44444,0.61651,17.895,17.895,17.895
ghsarp-6-3-3,9,2.0,5.02467,2.10816,0.33333,0.66667,5.629,2.19236,3.816,1.23648,10.15853,3.84773,8.3156,3.17701,5.16667,1.26399,6.54867,0.81362,5.62733,1.30774,79.0,0.64251,32.129,31.076,32.129
ghsarp-6-3-4,9,2.0,5.75067,3.68536,0.66667,0.33333,6.91833,3.91061,3.41533,1.40684,11.14467,5.44375,8.58,2.60392,8.513,1.97078,3.492,1.91388,6.83933,3.068,52.11111,0.62951,31.299,31.299,31.299
ghsarp-8-4-0,12,2.66667,4.02167,2.08535,0.58333,0.41667,4.105,1.90665,3.855,2.39452,8.06059,4.31228,9.72547,4.03331,14.01175,3.95024,20.349,3.59522,16.12417,4.86169,54.16667,0.746,23.667,22.314,23.667
ghsarp-8-4-1,12,2.66667,3.70133,1.82529,0.58333,0.41667,3.65,1.96794,3.804,1.49453,8.82926,5.42224,9.55821,4.64035,8.07475,3.11795,7.977,1.90552,8.04217,2.77372,70.95833,0.69312,35.768,35.562,35.768
ghsarp-8-4-2,12,2.66667,4.47083,2.81148,0.5,0.5,4.73975,3.00909,3.933,2.27378,6.64304,3.25314,6.43483,2.29002,9.36325,3.14466,11.0975,3.2142,9.94133,3.27179,44.25,0.71469,36.529,36.019,36.529
ghsarp-8-4-3,12,2.66667,4.5965,2.45134,0.58333,0.41667,5.43375,2.38678,2.922,1.55814,8.76377,4.77731,12.176,4.94374,10.77475,3.0462,7.8725,6.00971,9.80733,4.48296,72.58333,0.70878,38.166,38.166,38.166
ghsarp-8-4-4,12,2.66667,3.5305,1.76723,0.5,0.5,2.844,1.33395,4.9035,1.72707,7.68948,4.58987,10.55486,5.74809,10.628,4.98109,10.316,3.42357,10.524,4.52431,56.375,0.65205,20.183,17.412,20.183
sarp-10-5-A-1,15,3.33333,4.3,2.77801,0.66667,0.33333,4.34,1.98605,4.22,3.90559,12.14286,6.75775,13.14091,5.00542,16.95333,7.29108,14.77333,5.72567,16.22667,6.88649,55.06667,0.73718,24.903,24.172,24.903
sarp-10-5-A-2,15,3.33333,3.2,0.80994,0.46667,0.4,2.97,0.53488,3.66,1.03846,13.15111,5.98014,13.47059,5.58936,10.57667,5.89037,11.76667,4.47343,10.97333,5.48782,48.86667,0.75444,19.246,19.246,19.246
sarp-10-5-B-1,15,3.33333,5.24,3.30692,0.46667,0.53333,4.85,2.75036,6.02,4.09458,12.05227,6.03778,14.52,6.5503,15.62333,8.04246,15.56667,5.2624,15.60444,7.2355,68.93333,0.77169,41.084,41.084,41.084
sarp-10-5-B-2,15,3.33333,7.46,4.48193,0.6,0.4,5.35,3.23365,11.68,3.55494,12.0625,5.42083,12.3,4.7017,12.71333,6.24717,14.94,6.25479,13.45556,6.33725,75.9,0.59595,47.925,43.279,47.925
sarp-10-5-C-1,15,3.33333,15.17333,5.60351,0.6,0.4,16.22,4.56351,13.08,6.78038,13.02045,6.15348,11.28696,6.23826,14.38,6.23385,11.0,6.7219,13.25333,6.59601,41.06667,0.75444,121.628,121.628,121.628
sarp-10-5-C-2,15,3.33333,11.73333,6.39538,0.46667,0.53333,13.4,6.06564,8.4,5.69667,12.08837,5.62954,11.06538,5.73538,11.33667,4.77308,10.02,5.19104,10.89778,4.95538,43.33333,0.68708,100.806,99.722,100.806
sarp-12-6-A-1,18,4.0,3.75556,2.75383,0.72222,0.27778,3.0,1.53677,5.26667,3.82129,14.51094,6.47377,16.8125,6.04044,11.66389,4.4635,13.17778,4.38692,12.16852,4.49513,61.69444,0.75682,23.689,22.92,23.689
sarp-12-6-A-2,18,4.0,3.4,2.39815,0.5,0.5,2.79167,1.65149,4.61667,3.09484,12.27778,5.94572,10.55313,6.22098,14.175,6.82192,14.81111,7.16511,14.38704,6.94468,82.75,0.6779,33.236,32.124,33.236
sarp-12-6-B-1,18,4.0,5.12222,2.67199,0.66667,0.33333,4.18333,2.1509,7.0,2.62234,13.87541,6.18326,11.59333,5.3995,16.24444,6.71807,16.74444,7.04645,16.41111,6.83335,68.61111,0.74434,43.445,42.157,43.445
sarp-12-6-B-2,18,4.0,5.48889,2.2462,0.55556,0.44444,4.96667,2.23656,6.53333,1.86964,11.27538,5.27339,14.86571,6.24596,14.73056,5.96577,14.74444,7.06967,14.73519,6.35508,38.77778,0.71164,50.155,50.155,50.155
sarp-12-6-C-1,18,4.0,13.40556,4.71964,0.44444,0.55556,14.5,3.85097,11.21667,5.47522,13.70161,5.51521,10.91389,5.704,11.06667,6.43748,12.50556,5.08598,11.5463,6.05887,47.41667,0.732,110.079,109.113,110.079
sarp-12-6-C-2,18,4.0,13.56667,6.07865,0.55556,0.44444,13.16667,5.84784,14.36667,6.4417,12.69683,6.27416,11.26579,5.51196,11.72222,5.82972,9.55,5.71861,10.99815,5.88273,50.66667,0.71558,132.7,131.504,132.7
sarp-16-8-A-1,24,5.33333,2.68333,1.22667,0.45833,0.54167,2.53125,1.25435,2.9875,1.10842,11.31913,5.34601,14.55938,6.35936,14.53958,5.58632,16.85,7.2317,15.30972,6.2788,58.0625,0.81543,19.011,19.011,19.011
sarp-16-8-A-1V1,24,5.33333,2.68333,1.22667,0.45833,0.54167,2.53125,1.25435,2.9875,1.10842,11.31913,5.34601,14.55938,6.35936,14.53958,5.58632,16.85,7.2317,15.30972,6.2788,20.0,0.81543,17.907,17.493,17.907
sarp-16-8-A-1V2,24,2.66667,6.02083,2.89381,0.54167,0.45833,5.2875,2.40906,7.4875,3.20758,25.1367,11.59376,24.40667,11.63169,25.4,12.83788,26.59375,11.9019,25.79792,12.54628,69.47917,0.79347,41.257,38.313,41.257
sarp-16-8-A-1V3,24,2.66667,6.02083,2.89381,0.54167,0.45833,5.2875,2.40906,7.4875,3.20758,25.1367,11.59376,24.40667,11.63169,25.4,12.83788,26.59375,11.9019,25.79792,12.54628,20.0,0.79347,39.555,34.905,39.555
sarp-16-8-A-2,24,5.33333,3.1375,1.76158,0.58333,0.41667,2.43125,1.26477,4.55,1.76564,12.90982,5.66969,12.5614,5.78266,12.38125,6.19448,14.75417,6.33969,13.17222,6.34267,55.16667,0.78308,27.944,27.79,27.944
sarp-16-8-A-2V1,24,5.33333,3.1375,1.76158,0.58333,0.41667,2.43125,1.26477,4.55,1.76564,12.90982,5.66969,12.5614,5.78266,12.38125,6.19448,14.75417,6.33969,13.17222,6.34267,20.0,0.78308,26.641,26.487,26.641
sarp-16-8-A-2V2,24,2.66667,7.01667,4.56734,0.625,0.375,5.41875,3.29037,10.2125,5.06049,23.62095,10.74703,23.53636,12.36297,23.24583,12.15984,22.83542,10.55038,23.10903,11.6497,54.70833,0.79977,52.711,50.779,52.711
sarp-16-8-A-2V3,24,2.66667,7.01667,4.56734,0.625,0.375,5.41875,3.29037,10.2125,5.06049,23.62095,10.74703,23.53636,12.36297,23.24583,12.15984,22.83542,10.55038,23.10903,11.6497,20.0,0.79977,51.945,50.013,51.945
sarp-16-8-B-1,24,5.33333,4.4875,2.40387,0.5,0.5,3.35,1.66883,6.7625,2.00059,12.19304,5.69967,13.36667,6.46075,13.15,5.09432,14.54167,7.84745,13.61389,6.18541,55.875,0.78269,50.222,49.19,50.222
sarp-16-8-B-1V1,24,5.33333,4.4875,2.40387,0.5,0.5,3.35,1.66883,6.7625,2.00059,12.19304,5.69967,13.36667,6.46075,13.15,5.09432,14.54167,7.84745,13.61389,6.18541,20.0,0.78269,43.435,42.449,43.435
sarp-16-8-B-1V2,24,2.66667,8.4125,3.89394,0.625,0.375,7.1125,2.3856,11.0125,4.89552,24.12727,11.5249,26.554,11.09863,23.84687,10.58771,27.22292,13.09156,24.97222,11.59291,47.72917,0.77333,73.719,62.857,73.719
sarp-16-8-B-1V3,24,2.66667,8.4125,3.89394,0.625,0.375,7.1125,2.3856,11.0125,4.89552,24.12727,11.5249,26.554,11.09863,23.84687,10.58771,27.22292,13.09156,24.97222,11.59291,20.0,0.77333,65.065,62.857,65.065
sarp-16-8-B-2,24,5.33333,4.62917,2.91183,0.625,0.375,3.425,1.21372,7.0375,3.71347,12.16757,5.76623,13.59167,6.0161,13.875,6.60096,14.475,7.48895,14.075,6.91544,49.6875,0.7465,42.241,34.543,42.241
sarp-16-8-B-2V1,24,5.33333,4.62917,2.91183,0.625,0.375,3.425,1.21372,7.0375,3.71347,12.16757,5.76623,13.59167,6.0161,13.875,6.60096,14.475,7.48895,14.075,6.91544,20.0,0.7465,40.059,27.593,40.059
sarp-16-8-B-2V2,24,2.66667,9.13333,5.21366,0.54167,0.45833,8.725,5.07586,9.95,5.38679,22.82252,10.15475,24.94839,11.14198,25.81042,13.10144,27.70833,11.45345,26.44306,12.60791,55.9375,0.81248,88.41,78.75,88.41
sarp-16-8-B-2V3,24,2.66667,9.13333,5.21366,0.54167,0.45833,8.725,5.07586,9.95,5.38679,22.82252,10.15475,24.94839,11.14198,25.81042,13.10144,27.70833,11.45345,26.44306,12.60791,20.0,0.81248,85.236,76.435,85.236
sarp-16-8-C-1,24,4.0,12.73333,6.65361,0.54167,0.45833,12.2875,6.74017,13.625,6.38431,13.43274,6.10458,10.72927,6.73525,12.43438,5.54051,12.44375,6.21937,12.4375,5.77567,66.27083,0.78077,191.146,179.232,191.146
sarp-16-8-C-1V1,24,4.0,12.73333,6.65361,0.54167,0.45833,12.2875,6.74017,13.625,6.38431,13.43274,6.10458,10.72927,6.73525,12.43438,5.54051,12.44375,6.21937,12.4375,5.77567,20.0,0.78077,166.168,153.564,166.168
sarp-16-8-C-1V2,24,2.66667,28.6125,10.42838,0.45833,0.54167,27.6625,9.17319,30.5125,12.35085,24.05766,12.11745,23.07872,12.21431,25.70313,10.04889,30.63333,11.45259,27.34653,10.79084,56.27083,0.77639,344.461,323.48,344.461
sarp-16-8-C-1V3,24,2.66667,28.6125,10.42838,0.45833,0.54167,27.6625,9.17319,30.5125,12.35085,24.05766,12.11745,23.07872,12.21431,25.70313,10.04889,30.63333,11.45259,27.34653,10.79084,20.0,0.77639,280.783,270.249,280.783
sarp-16-8-C-2,24,5.33333,13.2,7.2608,0.5,0.5,11.89375,7.0974,15.8125,6.8683,14.01983,6.08537,14.43091,6.75907,10.45,4.5575,11.15417,5.7111,10.68472,4.98293,61.20833,0.79002,162.704,146.742,162.704
sarp-16-8-C-2V1,24,5.33333,13.2,7.2608,0.5,0.5,11.89375,7.0974,15.8125,6.8683,14.01983,6.08537,14.43091,6.75907,10.45,4.5575,11.15417,5.7111,10.68472,4.98293,20.0,0.79002,133.609,123.544,133.609
sarp-16-8-C-2V2,24,2.66667,24.375,9.12886,0.58333,0.41667,23.71875,8.92638,25.6875,9.38422,23.96842,11.37855,24.80556,12.68565,28.33333,11.38157,31.36875,13.9596,29.34514,12.38404,64.125,0.79682,266.612,247.798,266.612
sarp-16-8-C-2V3,24,2.66667,24.375,9.12886,0.58333,0.41667,23.71875,8.92638,25.6875,9.38422,23.96842,11.37855,24.80556,12.68565,28.33333,11.38157,31.36875,13.9596,29.34514,12.38404,20.0,0.79682,226.187,210.087,226.187
sarp-20-10-A-1,30,6.66667,2.83,1.65895,0.66667,0.33333,2.47,1.57801,3.55,1.58066,13.30714,6.19087,12.07629,5.92423,12.44333,5.89006,14.23667,6.33669,13.04111,6.10146,59.08333,0.80265,27.998,18.867,27.998
sarp-20-10-A-1V1,30,6.66667,2.83,1.65895,0.66667,0.33333,2.47,1.57801,3.55,1.58066,13.30714,6.19087,12.07629,5.92423,12.44333,5.89006,14.23667,6.33669,13.04111,6.10146,20.0,0.80265,25.928,17.364,25.928
sarp-20-10-A-1V2,30,3.33333,4.77333,3.05548,0.66667,0.33333,3.755,1.99937,6.81,3.71361,25.01829,11.73053,22.86759,10.49207,26.955,12.26855,27.31833,9.80689,27.07611,11.50794,62.51667,0.83901,25.71,16.113,25.71
sarp-20-10-A-1V3,30,3.33333,4.77333,3.05548,0.66667,0.33333,3.755,1.99937,6.81,3.71361,25.01829,11.73053,22.86759,10.49207,26.955,12.26855,27.31833,9.80689,27.07611,11.50794,20.0,0.83901,22.26,11.941,22.26
sarp-20-10-A-2,30,6.66667,2.68333,1.85456,0.66667,0.33333,2.125,1.10674,3.8,2.44908,13.67877,6.24829,14.87426,6.00377,13.36667,7.24444,12.53,6.00201,13.08778,6.8667,58.1,0.84405,35.659,28.789,35.659
sarp-20-10-A-2V1,30,6.66667,2.68333,1.85456,0.66667,0.33333,2.125,1.10674,3.8,2.44908,13.67877,6.24829,14.87426,6.00377,13.36667,7.24444,12.53,6.00201,13.08778,6.8667,20.0,0.84405,26.813,23.864,26.813
sarp-20-10-A-2V2,30,3.33333,5.38667,2.28046,0.56667,0.43333,4.75,1.89275,6.66,2.45039,28.57267,12.88615,25.59767,11.33224,27.87167,12.76841,23.81833,10.36162,26.52056,12.17074,49.53333,0.79127,10.648,10.648,10.648
sarp-20-10-A-2V3,30,3.33333,5.38667,2.28046,0.56667,0.43333,4.75,1.89275,6.66,2.45039,28.57267,12.88615,25.59767,11.33224,27.87167,12.76841,23.81833,10.36162,26.52056,12.17074,20.0,0.79127,10.648,76.188,10.648
sarp-20-10-B-1,30,6.66667,4.25,2.65289,0.63333,0.36667,3.445,1.58949,5.86,3.4889,12.37923,5.73565,13.23579,6.06968,13.17667,5.52872,15.06,6.85792,13.80444,6.06985,52.93333,0.84847,60.116,56.007,60.116
sarp-20-10-B-1V1,30,6.66667,4.25,2.65289,0.63333,0.36667,3.445,1.58949,5.86,3.4889,12.37923,5.73565,13.23579,6.06968,13.17667,5.52872,15.06,6.85792,13.80444,6.06985,20.0,0.84847,51.284,48.739,51.284
sarp-20-10-B-1V2,30,3.33333,8.19667,4.47113,0.56667,0.43333,6.46,2.91897,11.67,4.98358,22.95556,10.20313,23.3125,11.10549,23.59917,11.51852,27.26333,12.50345,24.82056,11.98109,49.45,0.77944,106.206,90.343,106.206
sarp-20-10-B-1V3,30,3.33333,8.19667,4.47113,0.56667,0.43333,6.46,2.91897,11.67,4.98358,22.95556,10.20313,23.3125,11.10549,23.59917,11.51852,27.26333,12.50345,24.82056,11.98109,20.0,0.77944,97.119,321.674,97.119
sarp-20-10-B-2,30,6.66667,4.12,2.87082,0.63333,0.36667,3.345,2.13178,5.67,3.46873,11.86304,5.48622,10.86571,5.53092,12.80667,5.22695,9.76333,4.74521,11.79222,5.27047,65.31667,0.84642,62.475,56.369,65.446
sarp-20-10-B-2V1,30,6.66667,4.12,2.87082,0.63333,0.36667,3.345,2.13178,5.67,3.46873,11.86304,5.48622,10.86571,5.53092,12.80667,5.22695,9.76333,4.74521,11.79222,5.27047,20.0,0.84642,59.45,52.126,59.45
sarp-20-10-B-2V2,30,3.33333,8.58667,5.26692,0.6,0.4,6.8,2.79589,12.16,6.95948,25.62544,11.98206,24.635,11.06497,25.08583,11.06634,24.54667,10.73264,24.90611,10.95918,72.38333,0.80367,110.999,102.402,110.999
sarp-20-10-B-2V3,30,3.33333,8.58667,5.26692,0.6,0.4,6.8,2.79589,12.16,6.95948,25.62544,11.98206,24.635,11.06497,25.08583,11.06634,24.54667,10.73264,24.90611,10.95918,20.0,0.80367,87.171,10.648,87.171
sarp-20-10-C-1,30,5.0,11.15667,6.18567,0.56667,0.43333,11.44,6.93573,10.59,4.25405,11.88956,5.44841,11.76104,5.19373,11.8225,6.26047,12.615,5.15425,12.08667,5.92655,64.98333,0.84725,196.249,189.303,196.249
sarp-20-10-C-1V1,30,5.0,11.15667,6.18567,0.56667,0.43333,11.44,6.93573,10.59,4.25405,11.88956,5.44841,11.76104,5.19373,11.8225,6.26047,12.615,5.15425,12.08667,5.92655,20.0,0.84725,175.762,161.531,175.762
sarp-20-10-C-1V2,30,2.85714,26.44,11.19829,0.56667,0.43333,26.285,10.93258,26.75,11.70549,24.50867,11.88478,22.74722,11.67638,23.96786,10.93569,23.25429,10.61758,23.73,10.83591,72.05,0.81983,427.39,395.513,435.072
sarp-20-10-C-1V3,30,2.85714,26.44,11.19829,0.56667,0.43333,26.285,10.93258,26.75,11.70549,24.50867,11.88478,22.74722,11.67638,23.96786,10.93569,23.25429,10.61758,23.73,10.83591,20.0,0.81983,365.888,76.862,365.888
sarp-20-10-C-2,30,4.0,12.60333,6.81574,0.56667,0.43333,11.235,6.35518,15.34,6.88131,12.555,6.02581,11.07576,5.51144,13.836,6.9615,12.898,6.27482,13.52333,6.75487,46.48333,0.81151,226.207,219.767,226.713
sarp-20-10-C-2V1,30,4.0,12.60333,6.81574,0.56667,0.43333,11.235,6.35518,15.34,6.88131,12.555,6.02581,11.07576,5.51144,13.836,6.9615,12.898,6.27482,13.52333,6.75487,20.0,0.81151,219.123,210.747,219.123
sarp-20-10-C-2V2,30,2.5,26.88667,11.68802,0.56667,0.43333,29.375,11.19955,21.91,11.03716,25.07576,12.5273,29.69844,11.53169,28.99375,12.4495,29.8075,10.57916,29.265,11.86508,52.3,0.7935,385.406,378.874,385.406
sarp-20-10-C-2V3,30,2.5,26.88667,11.68802,0.56667,0.43333,29.375,11.19955,21.91,11.03716,25.07576,12.5273,29.69844,11.53169,28.99375,12.4495,29.8075,10.57916,29.265,11.86508,20.0,0.7935,369.904,366.04,369.904
sarp-30-15-A-1,45,6.0,1.94667,1.21684,0.62222,0.37778,1.65,0.97185,2.54,1.42305,12.76178,6.0339,14.49395,6.52115,11.436,5.04671,11.95467,5.49245,11.60889,5.20528,57.74444,0.87328,68.342,66.376,0
sarp-30-15-A-1V1,45,6.0,1.94667,1.21684,0.62222,0.37778,1.65,0.97185,2.54,1.42305,12.76178,6.0339,14.49395,6.52115,11.436,5.04671,11.95467,5.49245,11.60889,5.20528,20.0,0.87328,68.2,65.594,68.2
sarp-30-15-A-1V2,45,3.75,4.46,2.33242,0.53333,0.46667,3.62333,1.68616,6.13333,2.53658,27.33042,12.45509,25.25657,11.99456,24.9025,11.54948,25.09417,11.39186,24.96639,11.49753,59.57778,0.88274,65.713,56.687,65.713
sarp-30-15-A-1V3,45,3.75,4.46,2.33242,0.53333,0.46667,3.62333,1.68616,6.13333,2.53658,27.33042,12.45509,25.25657,11.99456,24.9025,11.54948,25.09417,11.39186,24.96639,11.49753,20.0,0.88274,61.389,53.834,61.389
sarp-30-15-A-2,45,6.0,2.11111,1.12531,0.62222,0.37778,1.77,0.95224,2.79333,1.13459,12.98148,6.01343,13.53264,6.32668,13.64333,6.34956,13.92533,6.72892,13.73733,6.47984,52.76667,0.83,72.452,69.002,0
sarp-30-15-A-2V1,45,6.0,2.11111,1.12531,0.62222,0.37778,1.77,0.95224,2.79333,1.13459,12.98148,6.01343,13.53264,6.32668,13.64333,6.34956,13.92533,6.72892,13.73733,6.47984,20.0,0.83,72.452,69.002,72.452
sarp-30-15-A-2V2,45,3.75,4.22667,2.24741,0.57778,0.42222,3.69,1.90287,5.3,2.4865,25.90101,12.23454,26.15304,12.9438,25.91292,12.76599,24.8325,11.84696,25.55278,12.47757,51.82222,0.80235,66.614,56.586,66.614
sarp-30-15-A-2V3,45,3.75,4.22667,2.24741,0.57778,0.42222,3.69,1.90287,5.3,2.4865,25.90101,12.23454,26.15304,12.9438,25.91292,12.76599,24.8325,11.84696,25.55278,12.47757,20.0,0.80235,61.258,48.197,61.258
sarp-30-15-B-1,45,6.0,3.46444,2.24857,0.62222,0.37778,2.95667,1.45572,4.48,3.06316,13.03669,6.14419,13.03955,6.49792,12.37867,5.70508,11.86533,6.06741,12.20756,5.83338,68.94444,0.89211,100.288,91.597,0
sarp-30-15-B-1V1,45,6.0,3.46444,2.24857,0.62222,0.37778,2.95667,1.45572,4.48,3.06316,13.03669,6.14419,13.03955,6.49792,12.37867,5.70508,11.86533,6.06741,12.20756,5.83338,20.0,0.89211,97.896,81.309,97.896
sarp-30-15-B-1V2,45,3.75,5.94889,3.10531,0.55556,0.44444,4.71,1.79691,8.42667,3.6417,25.90392,11.82857,25.73941,12.30293,25.79708,12.15165,27.17,12.82369,26.25472,12.39662,47.46667,0.86325,113.19,104.31,113.19
sarp-30-15-B-1V3,45,3.75,5.94889,3.10531,0.55556,0.44444,4.71,1.79691,8.42667,3.6417,25.90392,11.82857,25.73941,12.30293,25.79708,12.15165,27.17,12.82369,26.25472,12.39662,20.0,0.86325,89.877,81.662,89.877
sarp-30-15-B-2,45,6.0,3.50444,2.12623,0.57778,0.42222,2.81,1.63551,4.89333,2.30636,12.29108,5.7267,13.19833,6.10427,11.51333,5.3662,12.33733,5.9663,11.788,5.58694,58.2,0.88184,0,103.86,0
sarp-30-15-B-2V1,45,6.0,3.50444,2.12623,0.57778,0.42222,2.81,1.63551,4.89333,2.30636,12.29108,5.7267,13.19833,6.10427,11.51333,5.3662,12.33733,5.9663,11.788,5.58694,20.0,0.88184,96.122,96.122,96.122
sarp-30-15-B-2V2,45,3.33333,6.80667,4.33007,0.6,0.4,5.66667,3.97906,9.08667,4.09697,26.98193,12.43823,24.11461,12.706,26.13259,12.55304,24.60963,12.15254,25.62494,12.44171,62.28889,0.85748,125.839,118.479,125.839
sarp-30-15-B-2V3,45,3.33333,6.80667,4.33007,0.6,0.4,5.66667,3.97906,9.08667,4.09697,26.98193,12.43823,24.11461,12.706,26.13259,12.55304,24.60963,12.15254,25.62494,12.44171,20.0,0.85748,114.38,107.836,114.38
sarp-30-15-C-1,45,5.0,13.10444,5.89301,0.55556,0.44444,13.69667,5.20753,11.92,6.91676,12.35192,5.98509,12.54902,6.25456,13.38833,6.16076,12.73667,6.33827,13.17111,6.22807,58.67778,0.83821,356.177,355.349,0
sarp-30-15-C-1V1,45,5.0,13.10444,5.89301,0.55556,0.44444,13.69667,5.20753,11.92,6.91676,12.35192,5.98509,12.54902,6.25456,13.38833,6.16076,12.73667,6.33827,13.17111,6.22807,20.0,0.83821,339.341,308.141,339.467
sarp-30-15-C-1V2,45,3.0,25.64889,12.57542,0.51111,0.48889,24.21,13.71149,28.52667,9.27315,27.40186,12.76106,25.9285,12.59187,26.53967,12.18527,26.514,13.42917,26.53111,12.61355,62.6,0.88593,545.106,555.088,582.826
sarp-30-15-C-1V3,45,3.0,25.64889,12.57542,0.51111,0.48889,24.21,13.71149,28.52667,9.27315,27.40186,12.76106,25.9285,12.59187,26.53967,12.18527,26.514,13.42917,26.53111,12.61355,20.0,0.88593,504.29,456.619,504.382
sarp-30-15-C-2,45,6.0,13.18889,5.87595,0.55556,0.44444,12.82,5.4292,13.92667,6.61901,12.66675,5.69354,11.76584,5.86686,13.922,6.39489,13.30267,6.97999,13.71556,6.60215,56.54444,0.87693,323.909,337.013,0
sarp-30-15-C-2V1,45,6.0,13.18889,5.87595,0.55556,0.44444,12.82,5.4292,13.92667,6.61901,12.66675,5.69354,11.76584,5.86686,13.922,6.39489,13.30267,6.97999,13.71556,6.60215,20.0,0.87693,306.642,288.79,309.59
sarp-30-15-C-2V2,45,3.75,25.5,12.80335,0.48889,0.51111,25.93,13.10636,24.64,12.12907,23.01103,11.54679,23.98057,11.77907,24.79458,12.49556,24.99667,12.05826,24.86194,12.35188,66.33333,0.8273,542.766,492.687,584.028
sarp-30-15-C-2V3,45,3.75,25.5,12.80335,0.48889,0.51111,25.93,13.10636,24.64,12.12907,23.01103,11.54679,23.98057,11.77907,24.79458,12.49556,24.99667,12.05826,24.86194,12.35188,20.0,0.8273,465.594,391.511,471.888
sarp-40-20-A-1,60,6.66667,1.83667,1.284,0.6,0.4,1.5825,0.76938,2.345,1.83697,12.62141,6.08061,12.65455,5.81975,12.25,5.93723,12.865,5.99813,12.455,5.96465,55.23333,0.89298,0,90.947,0
sarp-40-20-A-1V1,60,6.66667,1.83667,1.284,0.6,0.4,1.5825,0.76938,2.345,1.83697,12.62141,6.08061,12.65455,5.81975,12.25,5.93723,12.865,5.99813,12.455,5.96465,20.0,0.89298,94.964,88.864,94.964
sarp-40-20-A-1V2,60,4.0,3.615,2.15483,0.63333,0.36667,3.55,2.32142,3.745,1.76818,26.56823,12.72499,26.61719,12.344,26.67125,12.13884,24.3315,11.96809,25.89133,12.13243,59.15,0.90311,64.719,61.545,0
sarp-40-20-A-1V3,60,4.0,3.615,2.15483,0.63333,0.36667,3.55,2.32142,3.745,1.76818,26.56823,12.72499,26.61719,12.344,26.67125,12.13884,24.3315,11.96809,25.89133,12.13243,20.0,0.90311,56.786,52.094,56.786
sarp-40-20-A-2,60,6.66667,1.91667,1.19557,0.58333,0.41667,1.4325,0.74645,2.885,1.32939,12.62493,5.83116,13.21223,6.42693,11.59083,5.4037,12.68833,6.05163,11.95667,5.6517,52.15833,0.87902,0,84.727,0
sarp-40-20-A-2V1,60,6.66667,1.91667,1.19557,0.58333,0.41667,1.4325,0.74645,2.885,1.32939,12.62493,5.83116,13.21223,6.42693,11.59083,5.4037,12.68833,6.05163,11.95667,5.6517,20.0,0.87902,88.265,81.575,88.265
sarp-40-20-A-2V2,60,4.0,3.32,2.08916,0.58333,0.41667,2.76,1.33768,4.44,2.76286,26.10333,12.15366,24.88667,12.19854,27.98375,13.53903,26.4825,12.31762,27.48333,13.16355,60.34167,0.8829,82.707,76.468,0
sarp-40-20-A-2V3,60,4.0,3.32,2.08916,0.58333,0.41667,2.76,1.33768,4.44,2.76286,26.10333,12.15366,24.88667,12.19854,27.98375,13.53903,26.4825,12.31762,27.48333,13.16355,20.0,0.8829,83.214,74.406,83.214
sarp-40-20-B-1,60,6.66667,2.96667,1.47034,0.66667,0.33333,2.525,1.00915,3.85,1.81066,12.99728,6.18139,11.93469,5.95031,13.98042,6.53636,13.59833,6.43007,13.85306,6.50362,68.06667,0.89619,102.91,132.062,0
sarp-40-20-B-1V1,60,6.66667,2.96667,1.47034,0.66667,0.33333,2.525,1.00915,3.85,1.81066,12.99728,6.18139,11.93469,5.95031,13.98042,6.53636,13.59833,6.43007,13.85306,6.50362,20.0,0.89619,129.497,120.152,129.773
sarp-40-20-B-1V2,60,3.33333,4.82833,2.71693,0.53333,0.46667,4.34,2.27143,5.805,3.2242,26.88619,13.3837,25.10504,11.56274,27.08687,12.7824,23.54375,11.54421,25.90583,12.49557,60.79167,0.87792,132.5,131.102,0
sarp-40-20-B-1V3,60,3.33333,4.82833,2.71693,0.53333,0.46667,4.34,2.27143,5.805,3.2242,26.88619,13.3837,25.10504,11.56274,27.08687,12.7824,23.54375,11.54421,25.90583,12.49557,20.0,0.87792,127.354,126.848,127.354
sarp-40-20-B-2,60,6.66667,2.55833,1.30898,0.53333,0.46667,2.0875,0.91192,3.5,1.46526,12.22183,5.79471,13.48371,5.92718,11.43333,5.51888,12.05417,5.75291,11.64028,5.60562,54.575,0.87726,97.088,116.983,0
sarp-40-20-B-2V1,60,6.66667,2.55833,1.30898,0.53333,0.46667,2.0875,0.91192,3.5,1.46526,12.22183,5.79471,13.48371,5.92718,11.43333,5.51888,12.05417,5.75291,11.64028,5.60562,20.0,0.87726,120.67,111.555,120.67
sarp-40-20-B-2V2,60,4.0,6.045,4.36144,0.65,0.35,4.605,2.28473,8.925,5.84678,26.80688,12.60747,26.95216,12.77379,24.93975,11.62006,25.33,11.40057,25.06983,11.54883,52.29167,0.88193,95.775,134.485,0
sarp-40-20-B-2V3,60,4.0,6.045,4.36144,0.65,0.35,4.605,2.28473,8.925,5.84678,26.80688,12.60747,26.95216,12.77379,24.93975,11.62006,25.33,11.40057,25.06983,11.54883,20.0,0.88193,120.044,113.072,128.739
sarp-40-20-C-1,60,6.66667,12.62,5.46302,0.53333,0.46667,11.7225,5.48418,14.415,4.95462,12.62687,6.13806,11.66265,5.54638,12.74542,6.3463,12.0975,5.99503,12.52944,6.23889,49.71667,0.92519,0,464.642,0
sarp-40-20-C-1V1,60,6.66667,12.62,5.46302,0.53333,0.46667,11.7225,5.48418,14.415,4.95462,12.62687,6.13806,11.66265,5.54638,12.74542,6.3463,12.0975,5.99503,12.52944,6.23889,20.0,0.92519,415.747,419.654,456.592
sarp-40-20-C-1V2,60,3.33333,23.36667,11.4115,0.55,0.45,24.0525,11.61314,21.995,10.86805,24.44687,11.06511,21.04571,10.32343,28.60583,13.17122,26.17292,12.72777,27.79486,13.07547,62.725,0.89273,666.526,718.138,0
sarp-40-20-C-1V3,60,3.33333,23.36667,11.4115,0.55,0.45,24.0525,11.61314,21.995,10.86805,24.44687,11.06511,21.04571,10.32343,28.60583,13.17122,26.17292,12.72777,27.79486,13.07547,20.0,0.89273,665.344,591.731,703.36
sarp-40-20-C-2,60,5.0,12.80667,6.33472,0.5,0.5,12.64,6.37843,13.14,6.23301,13.09445,6.32769,12.81551,6.05102,12.24625,5.88697,12.565,5.60519,12.3525,5.79651,61.675,0.89927,448.522,483.072,0
sarp-40-20-C-2V1,60,5.0,12.80667,6.33472,0.5,0.5,12.64,6.37843,13.14,6.23301,13.09445,6.32769,12.81551,6.05102,12.24625,5.88697,12.565,5.60519,12.3525,5.79651,20.0,0.89927,438.517,423.884,473.228
sarp-40-20-C-2V2,60,4.0,25.315,12.39365,0.51667,0.48333,22.445,10.96902,31.055,13.06704,25.80729,12.92624,25.42,11.65609,27.743,13.01508,29.2735,12.67127,28.25317,12.92165,60.05833,0.91649,0,731.169,0
sarp-40-20-C-2V3,60,4.0,25.315,12.39365,0.51667,0.48333,22.445,10.96902,31.055,13.06704,25.80729,12.92624,25.42,11.65609,27.743,13.01508,29.2735,12.67127,28.25317,12.92165,20.0,0.91649,593.665,545.238,638.633
sarp-50-25-A-1,75,6.25,1.74933,1.47886,0.68,0.32,1.208,0.72879,2.832,1.93406,12.50878,6.04214,13.73209,6.56937,14.4085,6.4463,14.8515,7.23207,14.55617,6.72169,61.63333,0.907,0,121.941,0
sarp-50-25-A-1V1,75,6.25,1.74933,1.47886,0.68,0.32,1.208,0.72879,2.832,1.93406,12.50878,6.04214,13.73209,6.56937,14.4085,6.4463,14.8515,7.23207,14.55617,6.72169,20.0,0.907,105.544,112.157,119.482
sarp-50-25-A-1V2,75,4.16667,2.98267,1.99161,0.54667,0.45333,2.472,1.54221,4.004,2.36178,25.65117,12.26201,27.42595,12.783,24.20333,11.6523,25.993,12.33457,24.79989,11.91399,55.05333,0.91054,81.788,119.911,0
sarp-50-25-A-1V3,75,4.16667,2.98267,1.99161,0.54667,0.45333,2.472,1.54221,4.004,2.36178,25.65117,12.26201,27.42595,12.783,24.20333,11.6523,25.993,12.33457,24.79989,11.91399,20.0,0.91054,124.509,117.979,124.509
sarp-50-25-A-2,75,6.25,1.79733,1.14111,0.58667,0.41333,1.462,0.91343,2.468,1.25019,13.73092,6.41591,12.96567,6.20691,14.5315,6.58588,13.3485,6.16247,14.13717,6.4719,63.74,0.9126,34.959,138.532,0
sarp-50-25-A-2V1,75,6.25,1.79733,1.14111,0.58667,0.41333,1.462,0.91343,2.468,1.25019,13.73092,6.41591,12.96567,6.20691,14.5315,6.58588,13.3485,6.16247,14.13717,6.4719,20.0,0.9126,134.367,131.302,0
sarp-50-25-A-2V2,75,4.16667,3.4,2.41639,0.62667,0.36,2.572,1.29631,5.056,3.16898,25.62283,12.24787,24.32281,11.6047,25.28317,11.11876,24.229,12.14593,24.93178,11.48213,64.14667,0.91645,61.04,92.667,0
sarp-50-25-A-2V3,75,4.16667,3.4,2.41639,0.62667,0.36,2.572,1.29631,5.056,3.16898,25.62283,12.24787,24.32281,11.6047,25.28317,11.11876,24.229,12.14593,24.93178,11.48213,20.0,0.91645,106.48,86.181,106.48
sarp-50-25-B-1,75,6.25,2.60533,1.35212,0.54667,0.45333,2.24,1.02703,3.336,1.60446,12.39679,6.01766,12.3273,6.15257,13.223,6.00024,13.426,6.63725,13.29067,6.22056,59.54667,0.90371,137.279,186.675,0
sarp-50-25-B-1V1,75,6.25,2.60533,1.35212,0.54667,0.45333,2.24,1.02703,3.336,1.60446,12.39679,6.01766,12.3273,6.15257,13.223,6.00024,13.426,6.63725,13.29067,6.22056,20.0,0.90371,174.892,171.907,182.305
sarp-50-25-B-1V2,75,4.16667,5.03333,3.09409,0.68,0.32,4.188,1.95219,6.724,4.10008,25.64559,12.45205,26.62333,13.24139,26.7435,12.81905,27.16667,12.9297,26.88456,12.85759,64.79333,0.90697,43.188,174.569,0
sarp-50-25-B-1V3,75,4.16667,5.03333,3.09409,0.68,0.32,4.188,1.95219,6.724,4.10008,25.64559,12.45205,26.62333,13.24139,26.7435,12.81905,27.16667,12.9297,26.88456,12.85759,20.0,0.90697,167.685,150.976,168.053
sarp-50-25-B-2,75,6.25,2.45467,1.45293,0.56,0.44,1.994,1.09589,3.376,1.63028,13.66801,6.34668,12.20825,5.70119,14.50575,6.79653,14.0525,6.12249,14.35467,6.58299,60.29333,0.92451,85.758,176.159,0
sarp-50-25-B-2V1,75,6.25,2.45467,1.45293,0.56,0.44,1.994,1.09589,3.376,1.63028,13.66801,6.34668,12.20825,5.70119,14.50575,6.79653,14.0525,6.12249,14.35467,6.58299,20.0,0.92451,157.39,163.258,0
sarp-50-25-B-2V2,75,4.16667,5.184,3.12756,0.56,0.44,4.128,1.90305,7.296,3.92566,26.64177,12.74344,24.38147,11.33113,24.7225,11.74313,21.748,10.36284,23.731,11.38843,58.02,0.91528,0,179.828,0
sarp-50-25-B-2V3,75,4.16667,5.184,3.12756,0.56,0.44,4.128,1.90305,7.296,3.92566,26.64177,12.74344,24.38147,11.33113,24.7225,11.74313,21.748,10.36284,23.731,11.38843,20.0,0.91528,166.564,148.085,172.219
sarp-50-25-C-1,75,5.55556,13.144,6.01935,0.50667,0.49333,13.414,6.12905,12.604,5.75587,12.95322,5.96579,13.71397,6.59316,13.04333,6.92438,14.31022,6.94149,13.46563,6.95577,60.57333,0.89687,0,635.868,0
sarp-50-25-C-1V1,75,5.55556,13.144,6.01935,0.50667,0.49333,13.414,6.12905,12.604,5.75587,12.95322,5.96579,13.71397,6.59316,13.04333,6.92438,14.31022,6.94149,13.46563,6.95577,20.0,0.89687,506.222,572.526,0
sarp-50-25-C-1V2,75,3.125,26.48133,12.26553,0.48,0.52,25.574,12.75272,28.296,11.00573,24.20308,11.78834,25.44515,12.53214,27.6085,13.33285,28.4245,12.95305,27.8805,13.21306,54.78667,0.90507,682.091,1124.73,0
sarp-50-25-C-1V3,75,3.125,26.48133,12.26553,0.48,0.52,25.574,12.75272,28.296,11.00573,24.20308,11.78834,25.44515,12.53214,27.6085,13.33285,28.4245,12.95305,27.8805,13.21306,20.0,0.90507,1014.01,941.136,1058.993
sarp-50-25-C-2,75,5.0,13.72267,5.49197,0.52,0.48,13.844,5.84685,13.48,4.69314,13.25713,6.38842,13.03548,6.11995,13.711,6.39509,12.9872,6.30241,13.46973,6.37348,56.49333,0.90444,526.747,650.441,0
sarp-50-25-C-2V1,75,5.0,13.72267,5.49197,0.52,0.48,13.844,5.84685,13.48,4.69314,13.25713,6.38842,13.03548,6.11995,13.711,6.39509,12.9872,6.30241,13.46973,6.37348,20.0,0.90444,580.175,604.593,0
sarp-50-25-C-2V2,75,3.125,25.64667,12.33503,0.49333,0.50667,26.83,12.0495,23.28,12.55691,27.10789,13.38746,24.37185,11.95327,26.765,12.88995,22.444,10.47411,25.32467,12.30793,65.06,0.90337,699.285,1056.44,0
sarp-50-25-C-2V3,75,3.125,25.64667,12.33503,0.49333,0.50667,26.83,12.0495,23.28,12.55691,27.10789,13.38746,24.37185,11.95327,26.765,12.88995,22.444,10.47411,25.32467,12.30793,20.0,0.90337,992.99,936.793,1031.141
sarp-6-3-A-1,9,2.0,6.51111,4.33985,0.77778,0.22222,5.4,2.70986,8.73333,5.86591,11.94286,5.17821,16.1625,5.77493,12.53333,5.0939,14.45556,6.68267,13.17407,5.74505,40.16667,0.63739,28.05,28.05,28.05
sarp-6-3-A-2,9,2.0,5.11111,3.3161,0.66667,0.33333,3.76667,1.56489,7.8,4.15291,8.64167,3.39619,10.63333,3.01754,11.25556,5.12469,11.3,7.19475,11.27037,5.89606,43.55556,0.559,34.128,34.128,34.128
sarp-6-3-B-1,9,2.0,10.45556,4.42772,0.44444,0.55556,8.51667,4.02882,14.33333,1.94822,9.10714,4.36241,10.2,5.12478,16.23333,6.67,9.67778,4.46661,14.04815,6.77197,51.16667,0.62951,49.237,49.237,49.237
sarp-6-3-B-2,9,2.0,7.7,4.59154,0.55556,0.44444,5.65,2.89871,11.8,4.60724,10.17143,4.3763,11.4,6.59242,10.29444,5.03217,12.46667,5.15967,11.01852,5.1773,61.38889,0.57476,41.635,37.347,41.635
sarp-6-3-C-1,9,2.0,10.96667,7.07107,0.44444,0.55556,10.1,6.23431,12.7,8.23165,11.14286,4.95461,13.16,5.71615,10.58333,5.49032,11.56667,3.07137,10.91111,4.84304,68.38889,0.61651,50.631,48.791,50.631
sarp-6-3-C-2,9,2.0,13.74444,5.6372,0.44444,0.55556,11.36667,5.41869,18.5,1.63911,11.15714,5.85207,12.31,5.34686,13.13889,5.13638,16.68889,5.04743,14.32222,5.3741,62.83333,0.65827,72.487,65.495,72.487
sarp-60-30-A-1V3,90,3.33333,2.83556,1.95547,0.56667,0.43333,2.41833,1.46578,3.67,2.4759,24.78376,11.92237,26.17525,12.50271,23.92213,11.53885,24.90296,11.85398,24.24907,11.65401,20.0,0.92341,178.143,163.371,244.889
sarp-60-30-A-2V3,90,3.33333,3.02,2.0276,0.54444,0.45556,2.50333,1.46549,4.05333,2.53702,24.89796,11.93539,24.32603,11.6064,24.69741,11.96021,26.3113,12.46941,25.23537,12.15615,20.0,0.91447,179.911,167.364,249.003
sarp-60-30-B-1V3,90,3.33333,4.51667,2.47652,0.61111,0.38889,3.77833,1.73658,5.99333,3.01617,24.62055,11.80577,25.41988,12.55348,25.73741,12.24495,27.66537,12.60282,26.38006,12.39875,20.0,0.91147,242.361,236.971,352.025
sarp-60-30-B-2V3,90,3.33333,3.93111,2.10479,0.56667,0.43333,3.75833,1.81698,4.27667,2.55117,26.61115,12.60888,25.32807,12.30765,28.32769,13.33691,25.95352,12.11256,27.5363,12.98998,20.0,0.89874,191.237,203.28,0
sarp-60-30-C-1V3,90,3.33333,26.93,12.14844,0.52222,0.47778,27.80333,12.47457,25.18333,11.26709,24.75613,11.9412,25.55524,12.30197,24.59417,11.7729,24.84704,12.28,24.67846,11.94492,20.0,0.9002,0,1165.52,2045.811
sarp-60-30-C-2V3,90,3.33333,26.34444,13.12854,0.54444,0.45556,27.37833,13.48027,24.27667,12.13369,26.16863,12.46296,24.9702,11.99687,27.6638,13.0125,26.23852,12.05113,27.1887,12.71789,20.0,0.91614,1096.59,1112.33,2006.041
sarp-8-4-A-1,12,2.66667,4.65833,1.90677,0.58333,0.41667,4.3375,1.32941,5.3,2.59904,11.6,5.35157,13.76429,5.64745,9.15417,5.46755,14.36667,5.2999,10.89167,5.94392,68.0,0.70494,24.764,24.258,24.764
sarp-8-4-A-2,12,2.66667,4.19167,2.01968,0.5,0.5,3.1125,1.13956,6.35,1.62865,13.21481,5.57472,17.3625,6.88884,12.04583,5.84444,12.95833,4.83364,12.35,5.54479,70.375,0.63048,23.314,21.629,23.314
sarp-8-4-B-1,12,2.66667,7.51667,3.26569,0.66667,0.33333,6.0,1.1811,10.55,3.9246,11.7,4.28093,8.83,3.40442,12.01667,5.29171,12.36667,6.32447,12.13333,5.65936,57.45833,0.65205,49.126,47.562,49.126
sarp-8-4-B-2,12,2.66667,5.71667,2.981,0.5,0.5,4.05,1.76494,9.05,1.93972,9.74444,4.72388,18.78125,6.3384,12.02917,6.14563,16.15833,6.60145,13.40556,6.59503,50.875,0.5904,35.208,34.518,35.208
sarp-8-4-C-1,12,2.66667,13.275,3.46389,0.41667,0.58333,12.4375,3.10481,14.95,3.53659,10.86296,5.37244,14.39,4.97844,11.72917,5.77931,13.60833,5.49264,12.35556,5.75396,42.45833,0.68337,91.847,88.167,91.847
sarp-8-4-C-2,12,2.66667,18.075,4.2034,0.33333,0.66667,17.225,4.85843,19.775,1.20908,14.05714,6.16299,12.07895,6.0298,11.375,4.85191,11.775,5.41912,11.50833,5.05159,49.20833,0.7206,106.283,104.857,106.283
sfsarp-10-5-1,15,3.33333,3.9998,5.601,0.8,0.2,3.4581,5.18209,5.0832,6.21649,6.4978,6.59378,10.0123,8.82945,5.616,2.08779,8.6596,3.88105,6.63053,3.15995,58.83333,0.68708,44.8316,44.0197,44.83166
sfsarp-10-5-2,15,3.33333,3.15613,4.49088,0.73333,0.26667,3.9186,5.28495,1.6312,1.07456,6.72227,6.99878,3.2177,2.12393,6.6641,4.30036,6.1688,1.783,6.499,3.66646,62.6,0.70267,42.5924,42.3744,42.5924
sfsarp-10-5-3,15,3.33333,1.6444,1.28267,0.53333,0.46667,1.3835,1.33535,2.1662,0.98029,5.54944,7.75315,5.50188,6.35907,6.3978,3.35866,4.45,2.1199,5.74853,3.1403,46.36667,0.70433,37.891,37.8795,37.89101
sfsarp-10-5-4,15,3.33333,4.5134,10.39391,0.86667,0.13333,2.0232,2.4629,9.4938,16.57595,3.592,2.35719,15.25296,17.78803,5.4112,1.99735,12.6502,12.53246,7.8242,8.16449,76.06667,0.72466,44.0625,42.2496,44.06247
sfsarp-10-5-5,15,3.33333,2.11293,2.69314,0.6,0.4,2.5012,3.10066,1.3364,1.27524,7.48926,6.95439,7.26555,6.36078,7.7557,6.06944,5.573,1.72726,7.02813,5.15867,42.2,0.70433,22.6781,22.6781,22.678
sfsarp-12-6-1,18,4.0,2.43511,5.3665,0.88889,0.11111,3.21442,6.42285,0.8765,0.49815,6.00902,6.56398,4.32158,6.05766,7.02058,2.59637,6.40667,1.74124,6.81594,2.364,66.25,0.81091,50.8962,49.5162,50.89619
sfsarp-12-6-2,18,4.0,3.75228,6.42307,0.83333,0.16667,5.10392,7.45174,1.049,1.32245,7.53075,6.94571,8.20035,7.49791,7.83417,3.71576,5.62033,4.62408,7.09622,4.17385,63.69444,0.7207,63.6379,60.7965,63.6379
sfsarp-12-6-3,18,4.0,3.80556,6.70801,0.83333,0.16667,2.95858,4.65554,5.4995,9.34558,6.64565,6.7639,9.7185,10.26488,4.9475,2.37782,7.90817,5.6283,5.93439,4.03442,70.61111,0.69726,59.8142,59.8008,59.81415
sfsarp-12-6-4,18,4.0,3.53211,4.92875,0.72222,0.27778,4.30125,5.67707,1.99383,2.20685,4.50997,4.3668,8.34026,7.90471,7.57625,3.71896,7.57767,3.8677,7.57672,3.7692,56.36111,0.73316,53.573,52.7533,53.573
sfsarp-12-6-5,18,4.0,1.88439,2.44708,0.72222,0.27778,2.13658,2.90247,1.38,0.85692,5.51103,5.60708,3.68304,2.07723,6.36058,3.10393,5.53517,2.38201,6.08544,2.90958,49.63889,0.73594,46.1559,43.9797,46.15588
sfsarp-16-8-1,24,4.0,1.33358,1.58674,0.58333,0.41667,1.412,1.66339,1.17675,1.40804,3.69392,2.19498,4.14824,2.22192,6.165,1.82969,6.94075,1.42844,6.42358,1.7452,61.91667,0.71823,63.5753,59.9537,63.57524
sfsarp-16-8-1V1,24,4.0,1.33358,1.58674,0.58333,0.41667,1.412,1.66339,1.17675,1.40804,3.69392,2.19498,4.14824,2.22192,6.165,1.82969,6.94075,1.42844,6.42358,1.7452,20.0,0.71823,61.4206,59.249,61.4206
sfsarp-16-8-2,24,5.33333,3.21412,5.24283,0.79167,0.20833,4.15912,6.15965,1.32412,1.10493,5.74088,6.47511,3.03564,1.89126,7.44981,3.5798,5.5555,1.74403,6.81838,3.21786,60.66667,0.83365,74.8261,72.6614,74.8261
sfsarp-16-8-2V1,24,5.33333,3.21412,5.24283,0.79167,0.20833,4.15912,6.15965,1.32412,1.10493,5.74088,6.47511,3.03564,1.89126,7.44981,3.5798,5.5555,1.74403,6.81838,3.21786,20.0,0.83365,72.7603,71.0458,72.7602
sfsarp-16-8-3,24,5.33333,3.56396,5.82122,0.83333,0.16667,4.88381,6.72758,0.92425,0.82879,7.87267,8.02404,5.21556,6.62823,6.43112,3.96553,5.31925,1.36953,6.0605,3.37395,60.97917,0.78668,95.3769,92.0856,95.37692
sfsarp-16-8-3V1,24,5.33333,3.56396,5.82122,0.83333,0.16667,4.88381,6.72758,0.92425,0.82879,7.87267,8.02404,5.21556,6.62823,6.43112,3.96553,5.31925,1.36953,6.0605,3.37395,20.0,0.78668,93.1652,90.1812,93.16524
sfsarp-16-8-4,24,5.33333,2.0625,3.61101,0.625,0.375,2.63938,4.20784,0.90875,1.30749,3.65672,3.98769,2.88882,1.6688,5.448,3.11923,5.31175,1.89723,5.40258,2.77315,68.58333,0.77437,73.3792,71.9633,73.37916
sfsarp-16-8-4V1,24,5.33333,2.0625,3.61101,0.625,0.375,2.63938,4.20784,0.90875,1.30749,3.65672,3.98769,2.88882,1.6688,5.448,3.11923,5.31175,1.89723,5.40258,2.77315,20.0,0.77437,71.2935,70.4227,71.29352
sfsarp-16-8-5,24,5.33333,1.57171,2.0438,0.75,0.25,1.64787,2.03975,1.41938,2.04337,3.20155,1.89389,6.65003,7.56819,5.85056,2.13396,6.98825,3.82764,6.22979,2.8648,55.58333,0.76407,70.8077,70.1578,70.80773
sfsarp-16-8-5V1,24,5.33333,1.57171,2.0438,0.75,0.25,1.64787,2.03975,1.41938,2.04337,3.20155,1.89389,6.65003,7.56819,5.85056,2.13396,6.98825,3.82764,6.22979,2.8648,20.0,0.76407,69.7438,69.7033,69.74375
sfsarp-20-10-1,30,5.0,3.21467,6.79617,0.83333,0.16667,4.17645,8.06142,1.2911,1.74368,6.7088,7.23925,6.34565,7.24548,7.20215,5.35204,6.318,3.54557,6.90743,4.84358,68.46667,0.81427,99.2073,98.0458,99.2078
sfsarp-20-10-1V1,30,5.0,3.21467,6.79617,0.83333,0.16667,4.17645,8.06142,1.2911,1.74368,6.7088,7.23925,6.34565,7.24548,7.20215,5.35204,6.318,3.54557,6.90743,4.84358,20.0,0.81427,94.5986,91.4963,94.599
sfsarp-20-10-2,30,5.0,1.96113,3.08561,0.6,0.4,1.4329,1.24175,3.0176,4.87902,2.82485,1.81913,4.46648,3.94052,5.82075,1.80815,6.3313,3.82717,5.99093,2.66833,46.86667,0.78641,83.7391,82.4222,83.73916
sfsarp-20-10-2V1,30,5.0,1.96113,3.08561,0.6,0.4,1.4329,1.24175,3.0176,4.87902,2.82485,1.81913,4.46648,3.94052,5.82075,1.80815,6.3313,3.82717,5.99093,2.66833,20.0,0.78641,81.9658,81.9658,81.96586
sfsarp-20-10-3,30,6.66667,3.4818,5.61506,0.73333,0.26667,4.20925,6.66045,2.0269,1.63959,8.62279,11.75356,3.68475,1.99806,7.46115,7.17305,5.8249,1.97927,6.91573,6.01686,62.8,0.84138,90.3186,88.5264,90.9451
sfsarp-20-10-3V1,30,6.66667,3.4818,5.61506,0.73333,0.26667,4.20925,6.66045,2.0269,1.63959,8.62279,11.75356,3.68475,1.99806,7.46115,7.17305,5.8249,1.97927,6.91573,6.01686,20.0,0.84138,88.7815,83.9407,88.7811
sfsarp-20-10-4,30,5.0,2.66977,3.75644,0.73333,0.26667,2.3783,4.31429,3.2527,2.14397,6.50452,11.02911,3.09951,2.57282,7.5817,6.70213,5.1391,1.54144,6.7675,5.66247,69.66667,0.79064,87.4599,86.7667,87.68482
sfsarp-20-10-4V1,30,5.0,2.66977,3.75644,0.73333,0.26667,2.3783,4.31429,3.2527,2.14397,6.50452,11.02911,3.09951,2.57282,7.5817,6.70213,5.1391,1.54144,6.7675,5.66247,20.0,0.79064,82.4017,81.3189,82.40172
sfsarp-20-10-5,30,6.66667,2.85347,4.14836,0.73333,0.26667,3.48675,4.8786,1.5869,1.27231,8.13802,7.43619,3.5414,2.19779,7.7794,3.63277,5.6461,1.46626,7.0683,3.24438,52.23333,0.82259,80.8697,80.24,81.0133
sfsarp-20-10-5V1,30,6.66667,2.85347,4.14836,0.73333,0.26667,3.48675,4.8786,1.5869,1.27231,8.13802,7.43619,3.5414,2.19779,7.7794,3.63277,5.6461,1.46626,7.0683,3.24438,20.0,0.82259,79.1429,78.4437,79.1429
sfsarp-30-15-1,45,6.0,3.28662,6.05693,0.8,0.2,4.13093,7.17133,1.598,1.7106,8.09131,10.64623,3.45132,3.33814,7.29097,6.99715,6.3866,3.12983,6.98951,6.00725,66.1,0.8689,145.475,140.961,0
sfsarp-30-15-1V1,45,6.0,3.28662,6.05693,0.8,0.2,4.13093,7.17133,1.598,1.7106,8.09131,10.64623,3.45132,3.33814,7.29097,6.99715,6.3866,3.12983,6.98951,6.00725,20.0,0.8689,144.758,139.896,144.7581
sfsarp-30-15-2,45,5.0,1.52856,2.06892,0.64444,0.35556,1.67493,2.32455,1.2358,1.38043,3.60387,3.57391,4.13441,4.30208,5.98173,2.26695,5.83213,2.82681,5.93187,2.46873,65.18889,0.81406,126.434,126.14,0
sfsarp-30-15-2V1,45,5.0,1.52856,2.06892,0.64444,0.35556,1.67493,2.32455,1.2358,1.38043,3.60387,3.57391,4.13441,4.30208,5.98173,2.26695,5.83213,2.82681,5.93187,2.46873,20.0,0.81406,124.76,122.969,124.95616
sfsarp-30-15-3,45,5.0,3.28518,5.65136,0.75556,0.24444,3.96733,6.60505,1.92087,2.40174,7.95109,10.80699,5.58228,5.20738,7.2263,6.07028,5.5482,2.05079,6.66693,5.15687,59.42222,0.8475,165.018,164.812,0
sfsarp-30-15-3V1,45,5.0,3.28518,5.65136,0.75556,0.24444,3.96733,6.60505,1.92087,2.40174,7.95109,10.80699,5.58228,5.20738,7.2263,6.07028,5.5482,2.05079,6.66693,5.15687,20.0,0.8475,162.717,160.7,162.71685
sfsarp-30-15-4,45,6.0,3.36389,6.10017,0.84444,0.15556,4.46967,7.17702,1.15233,1.13169,7.91256,8.50508,4.36547,5.3542,7.85803,4.65333,5.66407,1.82662,7.12671,4.07646,61.86667,0.8706,135.546,144.086,0
sfsarp-30-15-4V1,45,6.0,3.36389,6.10017,0.84444,0.15556,4.46967,7.17702,1.15233,1.13169,7.91256,8.50508,4.36547,5.3542,7.85803,4.65333,5.66407,1.82662,7.12671,4.07646,20.0,0.8706,145.114,143.657,145.4574
sfsarp-30-15-5,45,6.0,1.27347,1.35359,0.62222,0.37778,1.05387,1.31723,1.71267,1.31799,2.92237,1.91476,3.44315,1.98398,5.5998,1.62261,5.36373,2.17363,5.52111,1.82825,49.15556,0.86297,135.291,135.13,0
sfsarp-30-15-5V1,45,6.0,1.27347,1.35359,0.62222,0.37778,1.05387,1.31723,1.71267,1.31799,2.92237,1.91476,3.44315,1.98398,5.5998,1.62261,5.36373,2.17363,5.52111,1.82825,20.0,0.86297,135.537,134.201,135.5371
sfsarp-40-20-1,60,5.71429,3.51397,7.20575,0.83333,0.16667,3.61945,6.07639,3.303,9.04747,7.77935,8.08619,5.93868,7.73247,7.62625,4.74392,7.57325,7.41781,7.60858,5.77452,51.19167,0.90604,0,177.272,0
sfsarp-40-20-1V1,60,5.71429,3.51397,7.20575,0.83333,0.16667,3.61945,6.07639,3.303,9.04747,7.77935,8.08619,5.93868,7.73247,7.62625,4.74392,7.57325,7.41781,7.60858,5.77452,20.0,0.90604,0,174.356,181.5435
sfsarp-40-20-2,60,5.71429,4.1582,7.92022,0.85,0.15,4.52302,7.25535,3.42855,9.06151,7.51448,10.25204,6.95859,10.89498,8.3768,6.3359,7.8551,7.34637,8.2029,6.69423,63.69167,0.87363,222.44,213.635,0
sfsarp-40-20-2V1,60,5.71429,4.1582,7.92022,0.85,0.15,4.52302,7.25535,3.42855,9.06151,7.51448,10.25204,6.95859,10.89498,8.3768,6.3359,7.8551,7.34637,8.2029,6.69423,20.0,0.87363,196.662,195.147,197.7719
sfsarp-40-20-3,60,5.71429,2.14895,4.16081,0.71667,0.28333,2.52755,4.94194,1.39175,1.49377,5.80302,9.16249,4.26283,4.98631,6.52655,5.25171,6.431,2.68167,6.4947,4.55918,62.31667,0.84563,169.032,176.861,0
sfsarp-40-20-3V1,60,5.71429,2.14895,4.16081,0.71667,0.28333,2.52755,4.94194,1.39175,1.49377,5.80302,9.16249,4.26283,4.98631,6.52655,5.25171,6.431,2.68167,6.4947,4.55918,20.0,0.84563,171.835,175.363,176.0543
sfsarp-40-20-4,60,6.66667,2.93253,5.19817,0.8,0.2,3.71855,6.06769,1.3605,1.92931,7.31509,7.72926,6.3659,6.26293,7.19358,4.41958,6.2017,2.85382,6.86295,3.99439,67.05,0.89624,155.496,190.126,0
sfsarp-40-20-4V1,60,6.66667,2.93253,5.19817,0.8,0.2,3.71855,6.06769,1.3605,1.92931,7.31509,7.72926,6.3659,6.26293,7.19358,4.41958,6.2017,2.85382,6.86295,3.99439,20.0,0.89624,173.953,181.298,185.5776
sfsarp-40-20-5,60,5.71429,3.64082,6.48978,0.83333,0.16667,3.99865,6.93725,2.92515,5.41597,6.53673,7.26887,4.56431,4.51872,7.99115,5.40776,6.68235,3.68505,7.55488,4.93995,60.29167,0.88916,204.238,211.798,0
sfsarp-40-20-5V1,60,5.71429,3.64082,6.48978,0.83333,0.16667,3.99865,6.93725,2.92515,5.41597,6.53673,7.26887,4.56431,4.51872,7.99115,5.40776,6.68235,3.68505,7.55488,4.93995,20.0,0.88916,208.866,205.095,211.56391
sfsarp-50-25-1,75,6.25,3.52728,6.01485,0.78667,0.21333,3.66026,6.10484,3.26132,5.8216,6.7211,6.98699,5.6057,6.01371,7.33344,4.49982,6.36332,3.96129,7.01007,4.35185,55.20667,0.91661,241.345,267.92,0
sfsarp-50-25-1V1,75,6.25,3.52728,6.01485,0.78667,0.21333,3.66026,6.10484,3.26132,5.8216,6.7211,6.98699,5.6057,6.01371,7.33344,4.49982,6.36332,3.96129,7.01007,4.35185,20.0,0.91661,180.939,254.705,0
sfsarp-50-25-2,75,6.25,2.05757,3.31493,0.72,0.28,2.07882,3.84911,2.01508,1.82543,4.99378,6.17752,5.3331,5.55693,6.70906,3.05588,6.23208,3.49186,6.55007,3.21567,59.37333,0.88113,187.732,242.242,0
sfsarp-50-25-2V1,75,6.25,2.05757,3.31493,0.72,0.28,2.07882,3.84911,2.01508,1.82543,4.99378,6.17752,5.3331,5.55693,6.70906,3.05588,6.23208,3.49186,6.55007,3.21567,20.0,0.88113,229.166,239.34,0
sfsarp-50-25-3,75,5.55556,4.88179,8.39768,0.8,0.2,4.60162,7.30746,5.44212,10.21245,6.43523,7.28235,7.20018,8.47014,7.09032,4.20969,8.90084,7.49515,7.69383,5.59183,54.42,0.90559,182.751,301.054,0
sfsarp-50-25-3V1,75,5.55556,4.88179,8.39768,0.8,0.2,4.60162,7.30746,5.44212,10.21245,6.43523,7.28235,7.20018,8.47014,7.09032,4.20969,8.90084,7.49515,7.69383,5.59183,20.0,0.90559,278.719,295.157,0
sfsarp-50-25-4,75,5.55556,2.10701,4.04478,0.76,0.24,1.88846,3.55368,2.54412,4.85148,3.84655,3.8033,5.244,4.82164,6.15534,2.4842,7.086,3.90755,6.46556,3.06534,59.60667,0.8801,131.804,223.915,0
sfsarp-50-25-4V1,75,5.55556,2.10701,4.04478,0.76,0.24,1.88846,3.55368,2.54412,4.85148,3.84655,3.8033,5.244,4.82164,6.15534,2.4842,7.086,3.90755,6.46556,3.06534,20.0,0.8801,219.969,224.129,0
sfsarp-50-25-5,75,5.55556,5.58419,7.98656,0.77333,0.22667,6.36262,7.60393,4.02732,8.49002,9.88696,8.31908,7.6736,8.349,8.03224,4.06298,8.47484,6.67177,8.17977,5.08785,55.42,0.87463,169.9,345.571,0
sfsarp-50-25-5V1,75,5.55556,5.58419,7.98656,0.77333,0.22667,6.36262,7.60393,4.02732,8.49002,9.88696,8.31908,7.6736,8.349,8.03224,4.06298,8.47484,6.67177,8.17977,5.08785,20.0,0.87463,326.486,316.546,0
sfsarp-6-3-1,9,2.0,2.42433,3.36027,0.66667,0.33333,2.909,3.96977,1.455,0.97296,7.0186,6.89916,5.75488,2.69565,6.9715,4.06748,6.806,1.87746,6.91633,3.49437,61.5,0.62951,22.2917,21.8786,22.29171
sfsarp-6-3-2,9,2.0,1.73533,2.56021,0.77778,0.22222,1.90683,3.09679,1.39233,0.5544,4.4902,3.37455,4.4414,3.72722,5.648,1.8693,5.78833,0.95554,5.69478,1.62427,58.22222,0.62951,26.1791,26.1791,26.17913
sfsarp-6-3-3,9,2.0,8.47456,12.5238,0.66667,0.33333,4.8125,4.00194,15.79867,18.92199,11.49379,7.31244,9.57817,14.98262,8.80483,4.21135,18.66267,13.3753,12.09078,9.64632,58.05556,0.57883,20.4807,20.4807,20.4806
sfsarp-6-3-4,9,2.0,2.742,5.97423,0.88889,0.11111,3.85483,7.04975,0.51633,0.49595,1.53671,0.66361,7.64022,5.90253,6.02333,4.39361,7.28567,1.83487,6.44411,3.78755,52.16667,0.62951,25.9656,25.9656,25.96557
sfsarp-6-3-5,9,2.0,5.25211,7.90844,0.77778,0.22222,3.05083,3.92331,9.65467,11.30363,6.10086,4.61315,18.428,11.19117,7.51667,3.97453,11.28667,6.63557,8.77333,5.32603,71.94444,0.57987,25.2631,25.2631,25.26318
sfsarp-8-4-1,12,2.66667,1.72567,1.45462,0.41667,0.58333,1.06462,0.83763,3.04775,1.52402,4.68319,1.99286,3.5785,1.40075,5.2645,2.18134,6.151,2.16271,5.56,2.21493,69.70833,0.58735,33.6897,33.6897,33.68967
sfsarp-8-4-2,12,2.66667,1.14125,1.31527,0.66667,0.33333,1.11362,0.94236,1.1965,1.8464,3.957,1.5897,4.3173,1.64992,5.2285,1.72053,5.42525,1.82544,5.29408,1.75864,47.54167,0.60813,29.6884,29.4795,29.68834
sfsarp-8-4-3,12,2.66667,2.19633,2.23693,0.66667,0.33333,2.3465,2.04956,1.896,2.54459,7.06037,6.10819,4.41047,4.40563,7.18812,2.38553,5.407,1.81626,6.59442,2.3661,52.29167,0.68337,32.3762,32.1356,32.37616
sfsarp-8-4-4,12,2.66667,1.8175,1.20384,0.5,0.5,1.20537,0.86342,3.04175,0.78009,2.09161,1.16431,5.67418,1.07348,6.171,1.67789,6.3545,1.23631,6.23217,1.54721,40.16667,0.69312,32.0838,28.3679,32.08377
sfsarp-8-4-5,12,2.66667,3.48442,5.16734,0.75,0.25,4.21737,6.05403,2.0185,1.89162,3.90007,5.06848,3.47218,1.40013,6.57138,3.64108,5.26475,0.81781,6.13583,3.07257,71.25,0.65205,41.7589,40.3775,41.75888
