Instance,exec time,UB,LB,served parcels,idel time,idel distance,Status
ghsarp-10-5-0,18.83,53.7792,53.7792,5.0,1.9029,78.02,Optimal
ghsarp-10-5-1,13.98,63.3073,63.3054,5.0,1.3547,55.544,Optimal
ghsarp-10-5-2,3.3,51.0234,51.0234,5.0,1.1442,46.91,Optimal
ghsarp-10-5-3,0.78,46.3472,46.3472,4.0,1.0471,42.932,Optimal
ghsarp-10-5-4,26.2,44.2432,44.241,5.0,1.661,68.1,Optimal
ghsarp-10-5-5,22.62,53.2559,53.2547,5.0,1.5622,64.052,Optimal
ghsarp-10-5-6,5.95,48.9338,48.9335,5.0,1.5587,63.906,Optimal
ghsarp-10-5-7,0.32,58.5015,58.5015,5.0,1.5099,61.906,Optimal
ghsarp-10-5-8,6.98,64.9094,64.907,5.0,1.3028,53.416,Optimal
ghsarp-10-5-9,0.58,44.4017,44.4017,5.0,1.9562,80.202,Optimal
ghsarp-5-10-0,7178.7,56.8499,52.9972,9.0,1.4096,57.792,Feasible
ghsarp-5-10-1,1628.66,65.2805,65.2759,10.0,1.0306,42.256,Optimal
ghsarp-5-10-2,2847.2,51.3054,51.3019,10.0,1.2835,52.624,Optimal
ghsarp-5-10-3,7188.54,46.7272,41.3742,9.0,1.0038,41.154,Feasible
ghsarp-5-10-4,7188.03,43.8197,36.583,10.0,1.6643,68.238,Feasible
ghsarp-5-10-5,1833.32,54.7897,54.7857,10.0,1.072,43.954,Optimal
ghsarp-5-10-6,7199.49,50.0196,47.6884,10.0,1.1517,47.22,Feasible
ghsarp-5-10-7,174.58,53.1832,53.1817,10.0,1.233,50.554,Optimal
ghsarp-5-10-8,7199.59,58.9633,56.7741,10.0,1.2262,50.274,Feasible
ghsarp-5-10-9,89.24,47.1421,47.1393,9.0,1.2693,52.04,Optimal
ghsarp-5-5-0,2.0,26.0838,26.0838,5.0,1.2312,50.478,Optimal
ghsarp-5-5-1,0.71,32.9425,32.9425,5.0,0.8979,36.812,Optimal
ghsarp-5-5-2,1.85,35.0227,35.0227,5.0,1.0774,44.172,Optimal
ghsarp-5-5-3,1.93,23.4359,23.4359,5.0,1.2931,53.018,Optimal
ghsarp-5-5-4,0.2,40.3685,40.3685,5.0,0.9728,39.886,Optimal
ghsarp-5-5-5,2.1,33.1078,33.1071,5.0,0.7031,28.828,Optimal
ghsarp-5-5-6,0.87,37.0917,37.0917,5.0,1.18,48.378,Optimal
ghsarp-5-5-7,3.75,15.714,15.714,5.0,1.4318,58.702,Optimal
ghsarp-5-5-8,0.72,36.5383,36.5383,5.0,1.2802,52.488,Optimal
ghsarp-5-5-9,4.98,26.155,26.155,5.0,0.9517,39.02,Optimal
ghsarp-5-6-0,0.64,45.8064,45.8064,5.0,0.808,33.128,Optimal
ghsarp-5-6-1,586.09,29.1354,29.1334,6.0,0.7855,32.206,Optimal
ghsarp-5-6-2,67.46,31.48,31.478,6.0,1.316,53.956,Optimal
ghsarp-5-6-3,1.18,36.7381,36.7381,5.0,0.696,28.538,Optimal
ghsarp-5-6-4,0.87,39.4357,39.4357,6.0,1.3295,54.51,Optimal
ghsarp-5-6-5,10.93,41.2051,41.2046,6.0,1.2203,50.034,Optimal
ghsarp-5-6-6,3.35,36.4678,36.4678,6.0,1.2226,50.126,Optimal
ghsarp-5-6-7,4.99,35.8674,35.8663,6.0,1.3066,53.572,Optimal
ghsarp-5-6-8,0.59,41.0833,41.0814,6.0,0.6672,27.356,Optimal
ghsarp-5-6-9,11.29,38.7418,38.7413,6.0,1.1658,47.796,Optimal
ghsarp-5-7-0,29.28,33.9956,33.9941,6.0,0.9817,40.248,Optimal
ghsarp-5-7-1,12.18,33.295,33.2926,7.0,1.0972,44.986,Optimal
ghsarp-5-7-2,4.25,38.145,38.145,7.0,1.1895,48.768,Optimal
ghsarp-5-7-3,90.66,33.4008,33.3981,7.0,1.0682,43.798,Optimal
ghsarp-5-7-4,9.22,30.6439,30.6439,6.0,0.7429,30.458,Optimal
ghsarp-5-7-5,20.86,41.5224,41.5224,7.0,0.8407,34.47,Optimal
ghsarp-5-7-6,13.96,32.6643,32.6643,7.0,1.3131,53.836,Optimal
ghsarp-5-7-7,787.18,41.0597,41.0571,7.0,0.8858,36.318,Optimal
ghsarp-5-7-8,3.74,41.0176,41.0176,7.0,1.3568,55.63,Optimal
ghsarp-5-7-9,49.86,38.6517,38.6517,7.0,0.93,38.132,Optimal
ghsarp-5-8-0,667.62,38.5957,38.5932,8.0,0.9442,38.712,Optimal
ghsarp-5-8-1,6.77,38.4245,38.4236,8.0,1.1724,48.07,Optimal
ghsarp-5-8-2,34.19,43.6158,43.6158,8.0,1.5335,62.874,Optimal
ghsarp-5-8-3,179.54,46.8791,46.8759,8.0,1.3385,54.88,Optimal
ghsarp-5-8-4,43.91,44.9295,44.9295,8.0,1.4705,60.292,Optimal
ghsarp-5-8-5,145.77,38.9932,38.9903,8.0,1.1284,46.266,Optimal
ghsarp-5-8-6,119.83,41.8938,41.8913,8.0,1.2919,52.968,Optimal
ghsarp-5-8-7,166.04,44.3388,44.3359,8.0,0.8735,35.814,Optimal
ghsarp-5-8-8,31.48,42.7436,42.7416,8.0,1.2504,51.268,Optimal
ghsarp-5-8-9,82.67,38.8095,38.8071,8.0,1.0624,43.558,Optimal
ghsarp-5-9-0,349.46,48.7884,48.7845,9.0,1.0513,43.102,Optimal
ghsarp-5-9-1,101.07,44.9366,44.9347,9.0,0.9473,38.84,Optimal
ghsarp-5-9-2,1.13,41.4887,41.4887,9.0,1.1968,49.068,Optimal
ghsarp-5-9-3,266.25,37.9526,37.9504,9.0,1.6994,69.676,Optimal
ghsarp-5-9-4,7181.9,43.6543,40.2848,9.0,1.4162,58.066,Feasible
ghsarp-5-9-5,7182.55,49.2776,40.7299,8.0,1.0518,43.122,Feasible
ghsarp-5-9-6,64.45,44.481,44.481,9.0,1.2869,52.764,Optimal
ghsarp-5-9-7,107.38,40.747,40.7447,9.0,1.2852,52.694,Optimal
ghsarp-5-9-8,629.1,39.7814,39.7783,9.0,1.2753,52.288,Optimal
ghsarp-5-9-9,4683.16,59.0586,59.0536,9.0,1.2198,50.012,Optimal
ghsarp-6-5-0,2.46,41.4925,41.4925,5.0,1.2628,51.776,Optimal
ghsarp-6-5-1,0.68,39.095,39.095,5.0,0.8516,34.914,Optimal
ghsarp-6-5-2,4.8,34.1475,34.1461,5.0,1.2457,51.072,Optimal
ghsarp-6-5-3,4.96,31.4834,31.4834,4.0,1.2587,51.608,Optimal
ghsarp-6-5-4,0.75,41.6079,41.6079,5.0,1.1158,45.748,Optimal
ghsarp-6-5-5,3.63,40.5522,40.5522,5.0,1.3278,54.442,Optimal
ghsarp-6-5-6,6.29,33.3447,33.3438,5.0,1.4613,59.912,Optimal
ghsarp-6-5-7,8.59,34.3336,34.3336,5.0,0.8832,36.212,Optimal
ghsarp-6-5-8,0.19,34.4974,34.4974,5.0,1.2272,50.314,Optimal
ghsarp-6-5-9,0.5,42.2805,42.2805,5.0,1.033,42.352,Optimal
ghsarp-6-6-0,34.96,35.6709,35.6691,6.0,0.882,36.16,Optimal
ghsarp-6-6-1,27.42,30.317,30.3155,6.0,1.226,50.266,Optimal
ghsarp-6-6-2,0.47,41.1815,41.1815,6.0,0.8765,35.936,Optimal
ghsarp-6-6-3,43.07,38.3321,38.3295,6.0,1.2846,52.668,Optimal
ghsarp-6-6-4,115.81,24.2433,24.2425,6.0,1.6764,68.732,Optimal
ghsarp-6-6-5,1.16,45.1723,45.1723,6.0,0.8088,33.162,Optimal
ghsarp-6-6-6,3.68,35.1915,35.191,6.0,0.9361,38.38,Optimal
ghsarp-6-6-7,0.89,53.5293,53.5293,6.0,0.8535,34.994,Optimal
ghsarp-6-6-8,3.15,41.2909,41.2909,5.0,0.8742,35.844,Optimal
ghsarp-6-6-9,25.34,40.4822,40.4804,6.0,1.2129,49.73,Optimal
ghsarp-6-7-0,21.14,41.2126,41.2105,7.0,0.74,30.338,Optimal
ghsarp-6-7-1,21.85,38.361,38.3599,7.0,1.3554,55.57,Optimal
ghsarp-6-7-2,86.15,42.0203,42.0178,7.0,1.3288,54.482,Optimal
ghsarp-6-7-3,2695.57,41.101,41.098,7.0,1.6132,66.142,Optimal
ghsarp-6-7-4,8.32,53.2952,53.2931,6.0,0.9179,37.634,Optimal
ghsarp-6-7-5,6.97,46.4015,46.4015,7.0,0.9896,40.572,Optimal
ghsarp-6-7-6,45.26,42.9161,42.9161,7.0,1.139,46.698,Optimal
ghsarp-6-7-7,13.04,46.2275,46.2252,7.0,1.012,41.494,Optimal
ghsarp-6-7-8,14.3,42.6928,42.6904,7.0,1.3229,54.238,Optimal
ghsarp-6-7-9,25.9,41.1846,41.1832,7.0,0.9297,38.116,Optimal
ghsarp-6-8-0,44.35,47.1812,47.1812,8.0,1.2061,49.45,Optimal
ghsarp-6-8-1,190.11,42.9627,42.9602,8.0,1.0816,44.344,Optimal
ghsarp-6-8-2,0.91,41.4014,41.4014,8.0,0.8606,35.286,Optimal
ghsarp-6-8-3,267.59,40.8151,40.8128,8.0,1.3089,53.664,Optimal
ghsarp-6-8-4,304.74,45.5951,45.5916,8.0,0.9203,37.734,Optimal
ghsarp-6-8-5,857.97,50.7549,50.752,8.0,1.1834,48.518,Optimal
ghsarp-6-8-6,6.19,49.0897,49.0897,7.0,0.8758,35.906,Optimal
ghsarp-6-8-7,10.98,45.4068,45.4048,8.0,0.8415,34.502,Optimal
ghsarp-6-8-8,9.6,44.0106,44.0106,8.0,1.3078,53.622,Optimal
ghsarp-6-8-9,810.92,59.3063,59.3029,8.0,1.3107,53.74,Optimal
ghsarp-6-9-0,2458.92,52.1286,52.125,9.0,1.7582,72.086,Optimal
ghsarp-6-9-1,597.17,62.9019,62.8982,9.0,1.1101,45.514,Optimal
ghsarp-6-9-2,461.59,52.6841,52.6808,9.0,1.2893,52.86,Optimal
ghsarp-6-9-3,2885.94,46.5813,46.5784,8.0,0.9204,37.736,Optimal
ghsarp-6-9-4,158.9,45.4848,45.4826,9.0,1.2807,52.51,Optimal
ghsarp-6-9-5,5379.53,52.3604,52.357,9.0,1.2766,52.34,Optimal
ghsarp-6-9-6,2016.31,49.0115,49.0083,9.0,1.3172,54.004,Optimal
ghsarp-6-9-7,5464.96,48.8062,48.8027,9.0,1.3122,53.8,Optimal
ghsarp-6-9-8,7173.12,60.6782,53.8387,9.0,1.3662,56.016,Feasible
ghsarp-6-9-9,4.8,49.0609,49.0609,8.0,1.1993,49.172,Optimal
ghsarp-7-5-0,1.77,34.8363,34.8363,5.0,1.0631,43.588,Optimal
ghsarp-7-5-1,5.48,29.7483,29.7483,5.0,1.2798,52.474,Optimal
ghsarp-7-5-2,0.57,37.609,37.6077,5.0,1.3423,55.036,Optimal
ghsarp-7-5-3,13.34,39.0827,39.0809,5.0,1.4946,61.278,Optimal
ghsarp-7-5-4,0.65,29.0577,29.0576,5.0,1.5253,62.538,Optimal
ghsarp-7-5-5,20.06,34.1151,34.1149,4.0,0.7674,31.462,Optimal
ghsarp-7-5-6,0.47,34.9541,34.9541,5.0,1.0557,43.284,Optimal
ghsarp-7-5-7,21.83,48.2263,48.2249,5.0,0.9679,39.684,Optimal
ghsarp-7-5-8,0.45,36.2132,36.2132,5.0,1.7755,72.796,Optimal
ghsarp-7-5-9,8.79,40.7429,40.7427,5.0,1.1431,46.866,Optimal
ghsarp-7-6-0,112.4,40.3502,40.3486,6.0,1.2137,49.76,Optimal
ghsarp-7-6-1,2.57,38.3177,38.3177,6.0,1.3763,56.43,Optimal
ghsarp-7-6-2,22.03,44.8126,44.8101,6.0,1.2248,50.218,Optimal
ghsarp-7-6-3,13.4,45.1683,45.1665,6.0,1.6736,68.616,Optimal
ghsarp-7-6-4,0.44,53.0676,53.0676,6.0,0.8296,34.014,Optimal
ghsarp-7-6-5,8.02,42.8638,42.8628,6.0,1.0869,44.564,Optimal
ghsarp-7-6-6,16.12,41.3872,41.3848,6.0,1.1905,48.81,Optimal
ghsarp-7-6-7,174.02,43.7363,43.7362,6.0,1.3463,55.198,Optimal
ghsarp-7-6-8,17.94,40.1064,40.1046,6.0,1.499,61.458,Optimal
ghsarp-7-6-9,4.11,41.8387,41.8387,6.0,0.8422,34.53,Optimal
ghsarp-7-7-0,294.64,43.6145,43.6115,7.0,1.2654,51.882,Optimal
ghsarp-7-7-1,143.61,41.1637,41.1618,7.0,1.3094,53.684,Optimal
ghsarp-7-7-2,3.23,39.4149,39.4149,7.0,1.3715,56.232,Optimal
ghsarp-7-7-3,61.62,41.6906,41.6881,7.0,1.6123,66.106,Optimal
ghsarp-7-7-4,160.48,43.7825,43.7802,7.0,1.0965,44.956,Optimal
ghsarp-7-7-5,672.05,46.057,46.0538,7.0,1.098,45.02,Optimal
ghsarp-7-7-6,153.73,40.6636,40.6609,7.0,1.0942,44.864,Optimal
ghsarp-7-7-7,152.92,41.1734,41.1711,7.0,1.1909,48.828,Optimal
ghsarp-7-7-8,7.29,44.5513,44.5513,7.0,1.3777,56.486,Optimal
ghsarp-7-7-9,1545.04,58.514,58.5109,7.0,0.8879,36.404,Optimal
ghsarp-7-8-0,397.85,54.6238,54.6201,8.0,1.2683,52.002,Optimal
ghsarp-7-8-1,523.85,63.332,63.3289,8.0,1.1352,46.542,Optimal
ghsarp-7-8-2,75.13,53.9853,53.9824,8.0,1.2731,52.196,Optimal
ghsarp-7-8-3,705.78,45.4116,45.4096,7.0,1.0818,44.352,Optimal
ghsarp-7-8-4,9.45,51.242,51.2388,8.0,0.9362,38.384,Optimal
ghsarp-7-8-5,3722.93,48.5905,48.5868,8.0,1.3241,54.29,Optimal
ghsarp-7-8-6,578.83,52.307,52.3042,8.0,1.1208,45.952,Optimal
ghsarp-7-8-7,18.06,58.1783,58.175,8.0,1.1377,46.644,Optimal
ghsarp-7-8-8,160.56,63.2325,63.2302,8.0,1.021,41.862,Optimal
ghsarp-7-8-9,54.89,46.5348,46.5348,7.0,1.265,51.866,Optimal
ghsarp-8-5-0,0.51,45.7061,45.7061,5.0,1.0396,42.624,Optimal
ghsarp-8-5-1,8.51,35.3022,35.3022,5.0,1.3822,56.67,Optimal
ghsarp-8-5-2,2.59,49.826,49.826,5.0,1.3636,55.908,Optimal
ghsarp-8-5-3,4.17,45.8189,45.8189,5.0,1.6069,65.884,Optimal
ghsarp-8-5-4,0.77,48.0523,48.0523,5.0,1.2586,51.604,Optimal
ghsarp-8-5-5,3.87,44.5684,44.5676,5.0,1.1809,48.416,Optimal
ghsarp-8-5-6,7.39,40.9094,40.9094,5.0,0.997,40.878,Optimal
ghsarp-8-5-7,8.25,46.195,46.1937,5.0,0.9357,38.362,Optimal
ghsarp-8-5-8,3.82,39.6591,39.6591,5.0,1.6668,68.34,Optimal
ghsarp-8-5-9,22.01,33.988,33.988,5.0,1.4703,60.282,Optimal
ghsarp-8-6-0,274.57,41.0642,41.0611,6.0,1.4675,60.166,Optimal
ghsarp-8-6-1,39.32,40.3595,40.3581,6.0,1.4268,58.498,Optimal
ghsarp-8-6-2,5.83,33.0734,33.0734,6.0,1.753,71.872,Optimal
ghsarp-8-6-3,48.46,41.9715,41.9695,6.0,1.0445,42.824,Optimal
ghsarp-8-6-4,43.04,46.4207,46.4197,6.0,1.3485,55.29,Optimal
ghsarp-8-6-5,0.81,61.6692,61.6692,6.0,0.8055,33.024,Optimal
ghsarp-8-6-6,32.65,42.2291,42.2291,6.0,1.4707,60.3,Optimal
ghsarp-8-6-7,0.87,43.6356,43.6356,6.0,1.3196,54.102,Optimal
ghsarp-8-6-8,0.47,46.103,46.103,6.0,1.3253,54.338,Optimal
ghsarp-8-6-9,68.6,56.2567,56.2538,6.0,1.5992,65.566,Optimal
ghsarp-8-7-0,355.66,51.7468,51.7451,6.0,1.6371,67.122,Optimal
ghsarp-8-7-1,29.41,65.2194,65.2194,7.0,0.764,31.324,Optimal
ghsarp-8-7-2,32.02,54.7911,54.788,7.0,0.9944,40.772,Optimal
ghsarp-8-7-3,397.93,44.1954,44.1932,6.0,1.0914,44.746,Optimal
ghsarp-8-7-4,39.72,48.5566,48.5537,7.0,1.0414,42.698,Optimal
ghsarp-8-7-5,5372.56,48.2662,48.2632,7.0,1.0468,42.92,Optimal
ghsarp-8-7-6,32.55,50.7241,50.7231,7.0,1.4278,58.538,Optimal
ghsarp-8-7-7,4.79,59.3382,59.3382,7.0,1.2242,50.194,Optimal
ghsarp-8-7-8,140.01,68.507,68.5034,7.0,0.877,35.958,Optimal
ghsarp-8-7-9,0.89,47.8701,47.8701,6.0,1.4005,57.42,Optimal
ghsarp-9-5-0,4.04,49.2037,49.2033,5.0,1.3646,55.95,Optimal
ghsarp-9-5-1,31.65,39.5432,39.5418,5.0,1.6163,66.27,Optimal
ghsarp-9-5-2,1.22,35.9628,35.9628,5.0,1.1602,47.566,Optimal
ghsarp-9-5-3,18.21,41.579,41.579,5.0,1.8805,77.102,Optimal
ghsarp-9-5-4,9.37,47.7627,47.7627,5.0,1.209,49.57,Optimal
ghsarp-9-5-5,6.17,53.1963,53.1963,5.0,0.9425,38.644,Optimal
ghsarp-9-5-6,3.36,47.1358,47.1358,5.0,1.2838,52.634,Optimal
ghsarp-9-5-7,0.52,43.1195,43.1195,5.0,1.4644,60.04,Optimal
ghsarp-9-5-8,3.5,40.7508,40.7508,4.0,1.3232,54.25,Optimal
ghsarp-9-5-9,12.16,55.9542,55.9532,5.0,1.0645,43.644,Optimal
ghsarp-9-6-0,2.11,56.5469,56.5469,5.0,1.3106,53.734,Optimal
ghsarp-9-6-1,86.81,64.0717,64.0692,6.0,0.9827,40.29,Optimal
ghsarp-9-6-2,7.91,51.1717,51.1717,6.0,1.6443,67.418,Optimal
ghsarp-9-6-3,7.51,46.5176,46.5159,5.0,1.1355,46.554,Optimal
ghsarp-9-6-4,6.91,49.6944,49.6944,6.0,1.3055,53.526,Optimal
ghsarp-9-6-5,399.2,49.5339,49.5321,6.0,1.0201,41.824,Optimal
ghsarp-9-6-6,19.02,54.1037,54.1014,6.0,1.0024,41.098,Optimal
ghsarp-9-6-7,1.06,59.9495,59.9486,6.0,1.3695,56.148,Optimal
ghsarp-9-6-8,9.51,67.4857,67.4827,6.0,1.0892,44.656,Optimal
ghsarp-9-6-9,4.49,46.5894,46.5889,5.0,1.552,63.632,Optimal
sarp-10-5-A-1,0.38,48.264,48.264,5.0,1.0268,42.1,Optimal
sarp-10-5-A-2,1.34,36.115,36.115,5.0,1.8805,77.1,Optimal
sarp-10-5-B-1,0.75,62.558,62.558,5.0,1.261,51.7,Optimal
sarp-10-5-B-2,0.2,59.68,59.68,5.0,1.5024,61.6,Optimal
sarp-10-5-C-1,4.1,135.338,135.338,5.0,1.3854,56.8,Optimal
sarp-10-5-C-2,0.16,145.119,145.119,5.0,1.0829,44.4,Optimal
sarp-5-10-A-1,9.03,41.57,41.57,10.0,1.4146,58.0,Optimal
sarp-5-10-A-2,1.14,29.225,29.225,10.0,1.7488,71.7,Optimal
sarp-5-10-B-1,421.32,43.7273,43.724,10.0,1.2756,52.3,Optimal
sarp-5-10-B-2,6923.92,49.2882,49.283,10.0,1.7829,73.1,Optimal
sarp-5-10-C-1,7188.46,95.7224,81.197,10.0,1.5951,65.4,Feasible
sarp-5-10-C-2,7188.89,128.0941,110.55,10.0,1.4878,61.0,Feasible
sarp-5-5-A-1,0.14,22.331,22.331,5.0,1.639,67.2,Optimal
sarp-5-5-A-2,0.14,21.838,21.838,5.0,1.2707,52.1,Optimal
sarp-5-5-B-1,0.11,44.214,44.214,4.0,0.9634,39.5,Optimal
sarp-5-5-B-2,0.23,36.245,36.245,5.0,1.0366,42.5,Optimal
sarp-5-5-C-1,15.51,82.2052,82.201,5.0,1.1024,45.2,Optimal
sarp-5-5-C-2,8.05,56.2447,56.244,5.0,0.7805,32.0,Optimal
sarp-5-6-A-1,0.32,26.169,26.169,6.0,1.3439,55.1,Optimal
sarp-5-6-A-2,3.9,38.903,38.903,6.0,1.2707,52.1,Optimal
sarp-5-6-B-1,25.93,42.1504,42.148,6.0,1.7585,72.1,Optimal
sarp-5-6-B-2,7.64,44.0314,44.03,6.0,1.5463,63.4,Optimal
sarp-5-6-C-1,131.17,87.082,87.078,6.0,0.9683,39.7,Optimal
sarp-5-6-C-2,15.08,87.6802,87.675,6.0,1.0098,41.4,Optimal
sarp-5-7-A-1,1.28,27.098,27.098,6.0,1.5219,62.4,Optimal
sarp-5-7-A-2,22.56,33.015,33.015,7.0,1.6805,68.9,Optimal
sarp-5-7-B-1,8.05,52.6463,52.645,7.0,1.2707,52.1,Optimal
sarp-5-7-B-2,34.26,52.765,52.765,7.0,1.3927,57.1,Optimal
sarp-5-7-C-1,148.07,72.678,72.675,7.0,1.4146,58.0,Optimal
sarp-5-7-C-2,154.99,74.6255,74.621,7.0,1.6732,68.6,Optimal
sarp-5-8-A-1,54.03,29.6622,29.66,8.0,1.9878,81.5,Optimal
sarp-5-8-A-2,13.14,23.562,23.562,8.0,2.0122,82.5,Optimal
sarp-5-8-B-1,22.34,61.1397,61.137,8.0,1.222,50.1,Optimal
sarp-5-8-B-2,50.86,45.8812,45.878,7.0,0.8244,33.8,Optimal
sarp-5-8-C-1,255.06,81.6551,81.65,8.0,1.6561,67.9,Optimal
sarp-5-8-C-2,46.5,90.377,90.377,8.0,0.9049,37.1,Optimal
sarp-5-9-A-1,442.19,30.2103,30.208,9.0,1.8439,75.6,Optimal
sarp-5-9-A-2,176.35,30.2507,30.248,9.0,1.7512,71.8,Optimal
sarp-5-9-B-1,92.97,44.7337,44.73,9.0,1.5537,63.7,Optimal
sarp-5-9-B-2,55.09,44.8912,44.89,9.0,1.7171,70.4,Optimal
sarp-5-9-C-1,7191.18,122.9901,110.058,9.0,0.9415,38.6,Feasible
sarp-5-9-C-2,7194.6,75.3749,65.002,9.0,2.2756,93.3,Feasible
sarp-6-5-A-1,0.49,20.231,20.231,5.0,1.5854,65.0,Optimal
sarp-6-5-A-2,0.15,32.227,32.227,5.0,1.2658,51.9,Optimal
sarp-6-5-B-1,0.38,42.258,42.258,5.0,1.5585,63.9,Optimal
sarp-6-5-B-2,6.23,39.172,39.172,5.0,1.7049,69.9,Optimal
sarp-6-5-C-1,2.29,99.4604,99.458,5.0,0.9951,40.8,Optimal
sarp-6-5-C-2,8.27,68.119,68.119,5.0,1.6122,66.1,Optimal
sarp-6-6-A-1,1.27,40.3235,40.323,6.0,1.3854,56.8,Optimal
sarp-6-6-A-2,0.19,27.446,27.446,5.0,1.3805,56.6,Optimal
sarp-6-6-B-1,8.01,63.539,63.539,6.0,1.1707,48.0,Optimal
sarp-6-6-B-2,5.8,42.0461,42.044,6.0,1.6488,67.6,Optimal
sarp-6-6-C-1,170.72,88.6521,88.651,6.0,1.1585,47.5,Optimal
sarp-6-6-C-2,14.33,81.1958,81.192,6.0,1.278,52.4,Optimal
sarp-6-7-A-1,1.92,29.613,29.613,7.0,1.5805,64.8,Optimal
sarp-6-7-A-2,0.13,35.113,35.113,7.0,1.5415,63.2,Optimal
sarp-6-7-B-1,10.69,44.2482,44.247,6.0,1.2098,49.6,Optimal
sarp-6-7-B-2,19.51,43.794,43.794,7.0,1.4634,60.0,Optimal
sarp-6-7-C-1,4.22,76.105,76.105,7.0,1.5415,63.2,Optimal
sarp-6-7-C-2,27.54,83.301,83.301,7.0,1.5219,62.4,Optimal
sarp-6-8-A-1,49.4,20.616,20.616,8.0,2.2463,92.1,Optimal
sarp-6-8-A-2,11.45,36.7036,36.702,7.0,1.4683,60.2,Optimal
sarp-6-8-B-1,45.62,46.371,46.371,8.0,1.778,72.9,Optimal
sarp-6-8-B-2,88.95,52.3146,52.311,8.0,1.5195,62.3,Optimal
sarp-6-8-C-1,30.14,104.7922,104.787,8.0,1.0195,41.8,Optimal
sarp-6-8-C-2,153.16,109.4666,109.461,8.0,1.4976,61.4,Optimal
sarp-6-9-A-1,17.37,26.1088,26.107,9.0,2.0463,83.9,Optimal
sarp-6-9-A-2,0.69,39.6,39.6,9.0,1.7439,71.5,Optimal
sarp-6-9-B-1,19.99,39.7613,39.758,9.0,1.7342,71.1,Optimal
sarp-6-9-B-2,1067.15,47.0889,47.086,8.0,1.5244,62.5,Optimal
sarp-6-9-C-1,1707.49,86.485,86.48,9.0,1.639,67.2,Optimal
sarp-6-9-C-2,7185.79,130.01,117.235,9.0,0.7854,32.2,Feasible
sarp-7-5-A-1,0.23,27.541,27.541,5.0,1.5268,62.6,Optimal
sarp-7-5-A-2,0.54,23.697,23.697,5.0,1.7122,70.2,Optimal
sarp-7-5-B-1,0.35,38.294,38.294,5.0,1.5756,64.6,Optimal
sarp-7-5-B-2,0.43,47.185,47.185,5.0,1.3415,55.0,Optimal
sarp-7-5-C-1,10.71,86.085,86.085,5.0,1.4317,58.7,Optimal
sarp-7-5-C-2,167.25,92.9125,92.912,5.0,1.8512,75.9,Optimal
sarp-7-6-A-1,6.28,20.4411,20.44,5.0,1.9342,79.3,Optimal
sarp-7-6-A-2,1.84,35.844,35.844,6.0,1.2902,52.9,Optimal
sarp-7-6-B-1,5.96,40.271,40.271,6.0,1.0463,42.9,Optimal
sarp-7-6-B-2,12.2,52.2181,52.218,6.0,1.2951,53.1,Optimal
sarp-7-6-C-1,0.54,113.515,113.515,6.0,1.2415,50.9,Optimal
sarp-7-6-C-2,6.57,110.7152,110.711,6.0,1.1537,47.3,Optimal
sarp-7-7-A-1,7.67,46.7366,46.734,6.0,1.0878,44.6,Optimal
sarp-7-7-A-2,1.16,30.44,30.44,7.0,1.6268,66.7,Optimal
sarp-7-7-B-1,6.65,47.895,47.895,7.0,1.5122,62.0,Optimal
sarp-7-7-B-2,213.04,63.4583,63.456,7.0,1.4463,59.3,Optimal
sarp-7-7-C-1,1734.02,100.9886,100.984,7.0,1.4488,59.4,Optimal
sarp-7-7-C-2,10.18,101.5512,101.551,7.0,1.3512,55.4,Optimal
sarp-7-8-A-1,8.8,33.3749,33.373,7.0,1.1024,45.2,Optimal
sarp-7-8-A-2,0.54,28.419,28.419,7.0,1.9512,80.0,Optimal
sarp-7-8-B-1,111.41,56.3871,56.385,8.0,2.0512,84.1,Optimal
sarp-7-8-B-2,32.27,46.7552,46.753,8.0,1.878,77.0,Optimal
sarp-7-8-C-1,7179.55,96.9596,89.52,8.0,1.6683,68.4,Feasible
sarp-7-8-C-2,23.63,106.352,106.347,8.0,1.222,50.1,Optimal
sarp-8-5-A-1,0.25,36.674,36.674,5.0,1.4,57.4,Optimal
sarp-8-5-A-2,0.35,36.459,36.459,5.0,1.6829,69.0,Optimal
sarp-8-5-B-1,0.16,51.44,51.44,5.0,1.0024,41.1,Optimal
sarp-8-5-B-2,3.48,49.515,49.515,5.0,1.9659,80.6,Optimal
sarp-8-5-C-1,117.34,109.8638,109.86,5.0,0.8951,36.7,Optimal
sarp-8-5-C-2,0.17,94.414,94.414,5.0,1.2488,51.2,Optimal
sarp-8-6-A-1,0.3,37.413,37.413,6.0,1.6366,67.1,Optimal
sarp-8-6-A-2,0.77,34.751,34.751,6.0,1.5854,65.0,Optimal
sarp-8-6-B-1,5.32,51.357,51.357,6.0,1.1781,48.3,Optimal
sarp-8-6-B-2,1.46,49.413,49.413,6.0,1.0829,44.4,Optimal
sarp-8-6-C-1,9.06,80.763,80.763,6.0,1.7049,69.9,Optimal
sarp-8-6-C-2,0.42,100.186,100.186,6.0,1.3707,56.2,Optimal
sarp-8-7-A-1,0.7,35.803,35.803,7.0,1.7732,72.7,Optimal
sarp-8-7-A-2,0.68,46.499,46.499,7.0,1.5073,61.8,Optimal
sarp-8-7-B-1,6.88,53.029,53.029,7.0,1.8268,74.9,Optimal
sarp-8-7-B-2,51.47,53.3011,53.298,7.0,1.4976,61.4,Optimal
sarp-8-7-C-1,12.18,87.046,87.046,7.0,2.0439,83.8,Optimal
sarp-8-7-C-2,8.66,136.01,136.01,7.0,1.439,59.0,Optimal
sarp-9-5-A-1,0.11,38.593,38.593,5.0,1.5,61.5,Optimal
sarp-9-5-A-2,0.55,49.702,49.702,5.0,1.1415,46.8,Optimal
sarp-9-5-B-1,4.05,49.234,49.234,5.0,2.0781,85.2,Optimal
sarp-9-5-B-2,0.23,57.336,57.336,5.0,1.7342,71.1,Optimal
sarp-9-5-C-1,4.97,123.9965,123.993,5.0,1.5049,61.7,Optimal
sarp-9-5-C-2,0.68,117.65,117.65,5.0,0.961,39.4,Optimal
sarp-9-6-A-1,0.47,37.286,37.286,6.0,2.2317,91.5,Optimal
sarp-9-6-A-2,2.51,32.232,32.232,6.0,2.0976,86.0,Optimal
sarp-9-6-B-1,1.47,56.764,56.764,6.0,1.9049,78.1,Optimal
sarp-9-6-B-2,99.19,49.3673,49.365,6.0,2.1634,88.7,Optimal
sarp-9-6-C-1,30.36,123.061,123.061,6.0,1.6439,67.4,Optimal
sarp-9-6-C-2,20.11,110.8086,110.807,6.0,1.7683,72.5,Optimal
sfsarp-10-5-1,0.4,46.1296,46.1283,5.0,0.0127,0.5189,Optimal
sfsarp-10-5-2,4.43,45.9876,45.9863,5.0,0.0168,0.69,Optimal
sfsarp-10-5-3,10.96,46.1039,46.1025,5.0,0.0097,0.3969,Optimal
sfsarp-10-5-4,1.62,46.1285,46.1271,5.0,0.0058,0.2366,Optimal
sfsarp-10-5-5,9.26,46.1436,46.1423,5.0,0.0136,0.5585,Optimal
sfsarp-5-10-1,2663.6,43.6453,43.6425,10.0,0.0072,0.2934,Optimal
sfsarp-5-10-2,219.6,43.6808,43.6781,10.0,0.0084,0.344,Optimal
sfsarp-5-10-3,27.23,43.5111,43.5084,10.0,0.008,0.3293,Optimal
sfsarp-5-10-4,2074.26,43.6668,43.6641,10.0,0.0039,0.1606,Optimal
sfsarp-5-10-5,15.22,43.716,43.7133,10.0,0.0058,0.2387,Optimal
sfsarp-5-5-1,123.83,29.6869,29.6855,5.0,0.0212,0.8712,Optimal
sfsarp-5-5-2,27.47,29.889,29.8885,5.0,0.0057,0.234,Optimal
sfsarp-5-5-3,46.44,29.8558,29.8544,5.0,0.0054,0.2208,Optimal
sfsarp-5-5-4,11.13,29.856,29.8547,5.0,0.0052,0.2149,Optimal
sfsarp-5-5-5,0.91,30.007,30.0056,5.0,0.0211,0.8667,Optimal
sfsarp-5-6-1,22.88,32.613,32.6113,6.0,0.0028,0.1164,Optimal
sfsarp-5-6-2,4.22,32.669,32.6673,6.0,0.004,0.1631,Optimal
sfsarp-5-6-3,6.85,32.6375,32.6358,6.0,0.0065,0.2679,Optimal
sfsarp-5-6-4,5.42,32.6498,32.6481,6.0,0.0092,0.3778,Optimal
sfsarp-5-6-5,30.94,32.6303,32.6287,6.0,0.0061,0.2494,Optimal
sfsarp-5-7-1,643.59,35.3989,35.397,7.0,0.0089,0.3637,Optimal
sfsarp-5-7-2,893.71,35.3575,35.3556,7.0,0.0114,0.4666,Optimal
sfsarp-5-7-3,192.71,35.4126,35.4107,7.0,0.0074,0.3047,Optimal
sfsarp-5-7-4,2.41,35.4045,35.4026,7.0,0.0061,0.2491,Optimal
sfsarp-5-7-5,42.46,35.4013,35.3994,7.0,0.007,0.2855,Optimal
sfsarp-5-8-1,56.1,38.1437,38.1415,8.0,0.0046,0.1904,Optimal
sfsarp-5-8-2,0.39,38.1251,38.1229,8.0,0.0084,0.3435,Optimal
sfsarp-5-8-3,123.89,38.0559,38.0538,8.0,0.0091,0.3712,Optimal
sfsarp-5-8-4,8.6,38.1928,38.1906,8.0,0.0109,0.4476,Optimal
sfsarp-5-8-5,25.34,38.1498,38.1476,8.0,0.0065,0.265,Optimal
sfsarp-5-9-1,979.28,41.2281,41.2256,9.0,0.0097,0.3994,Optimal
sfsarp-5-9-2,7124.91,40.9521,40.9196,9.0,0.0082,0.3371,Feasible
sfsarp-5-9-3,20.54,40.8742,40.8717,9.0,0.009,0.3701,Optimal
sfsarp-5-9-4,349.41,40.833,40.8305,9.0,0.0084,0.3444,Optimal
sfsarp-5-9-5,7192.81,40.9926,40.9762,9.0,0.0045,0.1856,Feasible
sfsarp-6-5-1,0.97,33.0512,33.0498,5.0,0.0065,0.2671,Optimal
sfsarp-6-5-2,3.28,33.0385,33.0373,5.0,0.0078,0.3205,Optimal
sfsarp-6-5-3,3.27,33.1885,33.1872,5.0,0.006,0.2462,Optimal
sfsarp-6-5-4,17.59,33.2388,33.2375,5.0,0.0072,0.2935,Optimal
sfsarp-6-5-5,13.93,33.0934,33.0921,5.0,0.0073,0.3,Optimal
sfsarp-6-6-1,8.0,35.8675,35.8659,6.0,0.0118,0.485,Optimal
sfsarp-6-6-2,26.04,35.8855,35.8839,6.0,0.0103,0.4219,Optimal
sfsarp-6-6-3,4.58,35.8667,35.865,6.0,0.0069,0.2832,Optimal
sfsarp-6-6-4,0.47,35.9893,35.9878,6.0,0.0204,0.8373,Optimal
sfsarp-6-6-5,35.18,35.921,35.9193,6.0,0.0098,0.4035,Optimal
sfsarp-6-7-1,11.71,38.5895,38.5884,7.0,0.0075,0.3058,Optimal
sfsarp-6-7-2,0.87,38.5907,38.589,7.0,0.0061,0.2502,Optimal
sfsarp-6-7-3,5026.28,38.7217,38.7198,7.0,0.0089,0.3642,Optimal
sfsarp-6-7-4,7126.49,38.7882,38.7333,7.0,0.0047,0.1916,Feasible
sfsarp-6-7-5,144.72,38.611,38.6091,7.0,0.0074,0.3048,Optimal
sfsarp-6-8-1,29.62,41.5468,41.5448,8.0,0.0123,0.5027,Optimal
sfsarp-6-8-2,1257.93,41.3625,41.3603,8.0,0.0048,0.1966,Optimal
sfsarp-6-8-3,2.27,41.5053,41.5031,8.0,0.0056,0.2285,Optimal
sfsarp-6-8-4,2265.0,41.2637,41.2615,8.0,0.0117,0.4789,Optimal
sfsarp-6-8-5,455.09,41.2984,41.2962,8.0,0.0136,0.5578,Optimal
sfsarp-6-9-1,967.37,44.2373,44.2348,9.0,0.0114,0.4685,Optimal
sfsarp-6-9-2,277.57,44.0875,44.085,9.0,0.0113,0.4615,Optimal
sfsarp-6-9-3,7129.02,44.0089,43.9807,9.0,0.0155,0.6366,Feasible
sfsarp-6-9-4,47.65,44.0233,44.0208,9.0,0.0155,0.6344,Optimal
sfsarp-6-9-5,7089.48,44.1361,44.0487,9.0,0.0085,0.3476,Feasible
sfsarp-7-5-1,6.69,36.3828,36.3815,5.0,0.0086,0.3539,Optimal
sfsarp-7-5-2,23.31,36.3032,36.3018,5.0,0.0094,0.3862,Optimal
sfsarp-7-5-3,2.93,36.4194,36.4181,5.0,0.0056,0.2276,Optimal
sfsarp-7-5-4,0.15,36.4641,36.4628,5.0,0.0112,0.4597,Optimal
sfsarp-7-5-5,90.58,36.2547,36.2533,5.0,0.0107,0.4368,Optimal
sfsarp-7-6-1,21.84,39.0645,39.0629,6.0,0.0121,0.4974,Optimal
sfsarp-7-6-2,6.82,39.1175,39.1159,6.0,0.0097,0.3983,Optimal
sfsarp-7-6-3,0.28,39.1039,39.1023,6.0,0.0106,0.4331,Optimal
sfsarp-7-6-4,4.28,39.1505,39.149,6.0,0.0119,0.489,Optimal
sfsarp-7-6-5,231.67,39.1117,39.1101,6.0,0.0048,0.1954,Optimal
sfsarp-7-7-1,46.22,41.962,41.9601,7.0,0.0082,0.3342,Optimal
sfsarp-7-7-2,21.67,41.8435,41.8416,7.0,0.0077,0.3176,Optimal
sfsarp-7-7-3,13.77,41.7976,41.7957,7.0,0.0099,0.4043,Optimal
sfsarp-7-7-4,237.93,41.8437,41.8418,7.0,0.0052,0.213,Optimal
sfsarp-7-7-5,556.01,41.769,41.7671,7.0,0.0092,0.3774,Optimal
sfsarp-7-8-1,52.16,44.6413,44.6392,8.0,0.0092,0.3756,Optimal
sfsarp-7-8-2,20.8,44.5293,44.5272,8.0,0.0115,0.4696,Optimal
sfsarp-7-8-3,11.26,44.7168,44.7146,8.0,0.0123,0.506,Optimal
sfsarp-7-8-4,2072.45,44.5955,44.5933,8.0,0.0046,0.1892,Optimal
sfsarp-7-8-5,25.89,44.5427,44.5405,8.0,0.008,0.3297,Optimal
sfsarp-8-5-1,5.5,39.5479,39.5471,5.0,0.0109,0.4489,Optimal
sfsarp-8-5-2,29.76,39.7472,39.7459,5.0,0.0069,0.2826,Optimal
sfsarp-8-5-3,5.36,39.7127,39.7113,5.0,0.0086,0.3535,Optimal
sfsarp-8-5-4,1.72,39.6299,39.6287,5.0,0.0096,0.3951,Optimal
sfsarp-8-5-5,6.89,39.5504,39.549,5.0,0.0065,0.2657,Optimal
sfsarp-8-6-1,76.41,42.1556,42.154,6.0,0.017,0.6967,Optimal
sfsarp-8-6-2,432.35,42.3324,42.3307,6.0,0.0045,0.1829,Optimal
sfsarp-8-6-3,650.93,42.324,42.3223,6.0,0.0079,0.3231,Optimal
sfsarp-8-6-4,234.55,42.3828,42.3812,6.0,0.0057,0.232,Optimal
sfsarp-8-6-5,117.62,42.437,42.4354,6.0,0.0096,0.3952,Optimal
sfsarp-8-7-1,0.99,45.1374,45.1355,7.0,0.0111,0.4536,Optimal
sfsarp-8-7-2,193.95,45.15,45.1481,7.0,0.0059,0.2429,Optimal
sfsarp-8-7-3,569.5,45.2893,45.2874,7.0,0.0096,0.3951,Optimal
sfsarp-8-7-4,17.65,45.1107,45.1088,7.0,0.0178,0.7311,Optimal
sfsarp-8-7-5,1613.56,45.0578,45.0559,7.0,0.0073,0.2984,Optimal
sfsarp-9-5-1,4.98,42.8571,42.8557,5.0,0.0089,0.3633,Optimal
sfsarp-9-5-2,4.01,42.8068,42.8055,5.0,0.0065,0.2677,Optimal
sfsarp-9-5-3,6.74,42.8428,42.8414,5.0,0.014,0.5725,Optimal
sfsarp-9-5-4,26.13,42.7885,42.7871,5.0,0.0057,0.233,Optimal
sfsarp-9-5-5,0.08,42.9297,42.9282,5.0,0.012,0.4931,Feasible
sfsarp-9-6-1,7.67,45.8208,45.8192,6.0,0.0098,0.4014,Optimal
sfsarp-9-6-2,3397.06,45.6147,45.613,6.0,0.003,0.1226,Optimal
sfsarp-9-6-3,3.26,45.4096,45.4079,6.0,0.0211,0.8647,Optimal
sfsarp-9-6-4,14.61,45.6675,45.6659,6.0,0.0046,0.1888,Optimal
sfsarp-9-6-5,0.94,45.5975,45.5959,6.0,0.0046,0.1885,Optimal
