ghsarp-10-5-0,0.02,28.5872,28.5872,0.0,2.55912,104.924,
ghsarp-10-5-1,0.01,33.4693,33.4693,0.0,1.57215,64.458,
ghsarp-10-5-2,0.0,24.1231,24.1231,0.0,1.59102,65.232,
ghsarp-10-5-3,0.01,27.3761,27.3761,0.0,1.30766,53.614,
ghsarp-10-5-4,0.02,18.2593,18.2593,0.0,1.34673,55.216,
ghsarp-10-5-5,0.01,34.2458,34.2458,0.0,1.49976,61.49,
ghsarp-10-5-6,0.01,28.5337,28.5337,0.0,1.17229,48.064,
ghsarp-10-5-7,0.01,36.3758,36.3758,0.0,1.65127,67.702,
ghsarp-10-5-8,0.01,36.0812,36.0812,0.0,1.55844,63.896,
ghsarp-10-5-9,0.02,25.539,25.539,0.0,1.68946,69.268,
ghsarp-5-10-0,0.0,18.1409,18.1409,0.0,1.05683,43.33,
ghsarp-5-10-1,0.01,19.3358,19.3358,0.0,0.975805,40.008,
ghsarp-5-10-2,0.0,15.8655,15.8655,0.0,0.953366,39.088,
ghsarp-5-10-3,0.0,8.73044,8.73044,0.0,0.33839,13.874,
ghsarp-5-10-4,0.0,0.81542,0.81542,0.0,0.227756,9.338,
ghsarp-5-10-5,0.01,14.0849,14.0849,0.0,0.941268,38.592,
ghsarp-5-10-6,0.0,9.76014,9.76014,0.0,0.475659,19.502,
ghsarp-5-10-7,0.01,12.9932,12.9932,0.0,0.456146,18.702,
ghsarp-5-10-8,0.01,24.6954,24.6954,0.0,0.420098,17.224,
ghsarp-5-10-9,0.0,12.9501,12.9501,0.0,0.346293,14.198,
ghsarp-5-5-0,0.0,9.53864,9.53864,0.0,0.620488,25.44,
ghsarp-5-5-1,0.0,15.6334,15.6334,0.0,0.510683,20.938,
ghsarp-5-5-2,0.0,7.90312,7.90312,0.0,0.672976,27.592,
ghsarp-5-5-3,0.0,3.43432,3.43432,0.0,0.502829,20.616,
ghsarp-5-5-4,0.0,12.9105,12.9105,0.0,0.982049,40.264,
ghsarp-5-5-5,0.0,15.619,15.619,0.0,0.201122,8.246,
ghsarp-5-5-6,0.0,19.4571,19.4571,0.0,0.80361,32.948,
ghsarp-5-5-7,0.0,-1.66792,-1.66792,0.0,0.558976,22.918,
ghsarp-5-5-8,0.0,20.1009,20.1009,0.0,0.843707,34.592,
ghsarp-5-5-9,0.0,6.40224,6.40224,0.0,0.272049,11.154,
ghsarp-5-6-0,0.0,20.0018,20.0018,0.0,0.722098,29.606,
ghsarp-5-6-1,0.0,6.5453,6.5453,0.0,0.211756,8.682,
ghsarp-5-6-2,0.0,9.5834,9.5834,0.0,0.732537,30.034,
ghsarp-5-6-3,0.0,15.97,15.97,0.0,0.391415,16.048,
ghsarp-5-6-4,0.0,19.541,19.541,0.0,0.667951,27.386,
ghsarp-5-6-5,0.0,12.898,12.898,0.0,0.959171,39.326,
ghsarp-5-6-6,0.0,19.2077,19.2077,0.0,0.646098,26.49,
ghsarp-5-6-7,0.0,8.16494,8.16494,0.0,0.891073,36.534,
ghsarp-5-6-8,0.0,13.8026,13.8026,0.0,0.424976,17.424,
ghsarp-5-6-9,0.0,17.5427,17.5427,0.0,0.775463,31.794,
ghsarp-5-7-0,0.0,11.8564,11.8564,0.0,0.672927,27.59,
ghsarp-5-7-1,0.0,9.45182,9.45182,0.0,0.454439,18.632,
ghsarp-5-7-2,0.0,12.8978,12.8978,0.0,0.636634,26.102,
ghsarp-5-7-3,0.0,3.7643,3.7643,0.0,1.00663,41.272,
ghsarp-5-7-4,0.0,11.1173,11.1173,0.0,0.660927,27.098,
ghsarp-5-7-5,0.0,18.192,18.192,0.0,0.494585,20.278,
ghsarp-5-7-6,0.0,13.7352,13.7352,0.0,0.299659,12.286,
ghsarp-5-7-7,0.0,14.1875,14.1875,0.0,0.330195,13.538,
ghsarp-5-7-8,0.0,4.7999,4.7999,0.0,0.833561,34.176,
ghsarp-5-7-9,0.0,10.3592,10.3592,0.0,0.139707,5.728,
ghsarp-5-8-0,0.0,12.2284,12.2284,0.0,0.335024,13.736,
ghsarp-5-8-1,0.01,13.8778,13.8778,0.0,0.685024,28.086,
ghsarp-5-8-2,0.0,11.8689,11.8689,0.0,0.847366,34.742,
ghsarp-5-8-3,0.0,10.0644,10.0644,0.0,1.06137,43.516,
ghsarp-5-8-4,0.0,14.1635,14.1635,0.0,0.488878,20.044,
ghsarp-5-8-5,0.0,6.33702,6.33702,0.0,0.418878,17.174,
ghsarp-5-8-6,0.0,16.2673,16.2673,0.0,0.578927,23.736,
ghsarp-5-8-7,0.0,14.3208,14.3208,0.0,0.899512,36.88,
ghsarp-5-8-8,0.0,13.5918,13.5918,0.0,0.672878,27.588,
ghsarp-5-8-9,0.0,8.75194,8.75194,0.0,0.369805,15.162,
ghsarp-5-9-0,0.0,9.12766,9.12766,0.0,0.659854,27.054,
ghsarp-5-9-1,0.01,14.9587,14.9587,0.0,0.51322,21.042,
ghsarp-5-9-2,0.01,16.7608,16.7608,0.0,0.627024,25.708,
ghsarp-5-9-3,0.0,8.55798,8.55798,0.0,1.49927,61.47,
ghsarp-5-9-4,0.01,0.22964,0.22964,0.0,1.06844,43.806,
ghsarp-5-9-5,0.0,4.6318,4.6318,0.0,0.377366,15.472,
ghsarp-5-9-6,0.01,9.16532,9.16532,0.0,1.32473,54.314,
ghsarp-5-9-7,0.0,11.4871,11.4871,0.0,0.641073,26.284,
ghsarp-5-9-8,0.0,7.50882,7.50882,0.0,0.322244,13.212,
ghsarp-5-9-9,0.0,7.26204,7.26204,0.0,0.222634,9.128,
ghsarp-6-5-0,0.0,22.7505,22.7505,0.0,0.422341,17.316,
ghsarp-6-5-1,0.0,20.1452,20.1452,0.0,0.795415,32.612,
ghsarp-6-5-2,0.0,16.0101,16.0101,0.0,0.732537,30.034,
ghsarp-6-5-3,0.0,16.6038,16.6038,0.0,0.434878,17.83,
ghsarp-6-5-4,0.0,23.8046,23.8046,0.0,1.23244,50.53,
ghsarp-6-5-5,0.0,16.5126,16.5126,0.0,1.52678,62.598,
ghsarp-6-5-6,0.01,18.8999,18.8999,0.0,0.934537,38.316,
ghsarp-6-5-7,0.0,11.3297,11.3297,0.0,1.15107,47.194,
ghsarp-6-5-8,0.0,13.795,13.795,0.0,0.979902,40.176,
ghsarp-6-5-9,0.0,24.2863,24.2863,0.0,0.660537,27.082,
ghsarp-6-6-0,0.0,15.2066,15.2066,0.0,0.321854,13.196,
ghsarp-6-6-1,0.0,9.81796,9.81796,0.0,0.910732,37.34,
ghsarp-6-6-2,0.0,17.0532,17.0532,0.0,0.843756,34.594,
ghsarp-6-6-3,0.0,11.4701,11.4701,0.0,0.663512,27.204,
ghsarp-6-6-4,0.0,6.76204,6.76204,0.0,0.166244,6.816,
ghsarp-6-6-5,0.01,21.6187,21.6187,0.0,0.94878,38.9,
ghsarp-6-6-6,0.01,14.4952,14.4952,0.0,0.573512,23.514,
ghsarp-6-6-7,0.01,21.3279,21.3279,0.0,0.63039,25.846,
ghsarp-6-6-8,0.01,9.11796,9.11796,0.0,1.06571,43.694,
ghsarp-6-6-9,0.0,10.683,10.683,0.0,0.815805,33.448,
ghsarp-6-7-0,0.0,18.5115,18.5115,0.0,0.334927,13.732,
ghsarp-6-7-1,0.0,16.8513,16.8513,0.0,0.934,38.294,
ghsarp-6-7-2,0.0,14.9055,14.9055,0.0,0.976732,40.046,
ghsarp-6-7-3,0.0,7.64936,7.64936,0.0,0.525854,21.56,
ghsarp-6-7-4,0.01,28.6914,28.6914,0.0,0.499561,20.482,
ghsarp-6-7-5,0.0,16.0666,16.0666,0.0,0.443561,18.186,
ghsarp-6-7-6,0.01,14.5829,14.5829,0.0,1.07488,44.07,
ghsarp-6-7-7,0.01,22.1748,22.1748,0.0,0.634146,26.0,
ghsarp-6-7-8,0.0,15.3584,15.3584,0.0,0.448537,18.39,
ghsarp-6-7-9,0.01,13.5244,13.5244,0.0,0.858341,35.192,
ghsarp-6-8-0,0.0,13.4902,13.4902,0.0,0.659854,27.054,
ghsarp-6-8-1,0.0,13.0159,13.0159,0.0,0.652488,26.752,
ghsarp-6-8-2,0.0,15.2068,15.2068,0.0,0.640829,26.274,
ghsarp-6-8-3,0.0,17.4377,17.4377,0.0,0.379561,15.562,
ghsarp-6-8-4,0.0,9.68804,9.68804,0.0,1.05224,43.142,
ghsarp-6-8-5,0.0,21.8231,21.8231,0.0,0.161366,6.616,
ghsarp-6-8-6,0.0,22.398,22.398,0.0,0.831317,34.084,
ghsarp-6-8-7,0.0,18.2663,18.2663,0.0,0.585171,23.992,
ghsarp-6-8-8,0.0,16.6883,16.6883,0.0,0.94439,38.72,
ghsarp-6-8-9,0.01,22.4558,22.4558,0.0,0.749707,30.738,
ghsarp-6-9-0,0.0,15.7426,15.7426,0.0,1.63585,67.07,
ghsarp-6-9-1,0.0,24.7584,24.7584,0.0,0.606049,24.848,
ghsarp-6-9-2,0.0,18.4829,18.4829,0.0,0.953366,39.088,
ghsarp-6-9-3,0.0,16.9564,16.9564,0.0,0.0867805,3.558,
ghsarp-6-9-4,0.0,7.68712,7.68712,0.0,0.478829,19.632,
ghsarp-6-9-5,0.0,18.2453,18.2453,0.0,0.871951,35.75,
ghsarp-6-9-6,0.0,14.6957,14.6957,0.0,0.68639,28.142,
ghsarp-6-9-7,0.01,13.4316,13.4316,0.0,0.632049,25.914,
ghsarp-6-9-8,0.01,18.9896,18.9896,0.0,0.355171,14.562,
ghsarp-6-9-9,0.01,14.8724,14.8724,0.0,1.13907,46.702,
ghsarp-7-5-0,0.0,16.2313,16.2313,0.0,0.931707,38.2,
ghsarp-7-5-1,0.0,12.5845,12.5845,0.0,0.76678,31.438,
ghsarp-7-5-2,0.0,15.9873,15.9873,0.0,0.813073,33.336,
ghsarp-7-5-3,0.01,18.3912,18.3912,0.0,0.77122,31.62,
ghsarp-7-5-4,0.01,11.1067,11.1067,0.0,1.30132,53.354,
ghsarp-7-5-5,0.0,14.6512,14.6512,0.0,0.935024,38.336,
ghsarp-7-5-6,0.01,16.1358,16.1358,0.0,0.937756,38.448,
ghsarp-7-5-7,0.0,25.0372,25.0372,0.0,1.15761,47.462,
ghsarp-7-5-8,0.0,5.34312,5.34312,0.0,1.17059,47.994,
ghsarp-7-5-9,0.0,15.2574,15.2574,0.0,0.868341,35.602,
ghsarp-7-6-0,0.0,20.8023,20.8023,0.0,0.425122,17.43,
ghsarp-7-6-1,0.0,19.6857,19.6857,0.0,0.606732,24.876,
ghsarp-7-6-2,0.01,15.282,15.282,0.0,0.808293,33.14,
ghsarp-7-6-3,0.01,18.474,18.474,0.0,0.844195,34.612,
ghsarp-7-6-4,0.01,24.9285,24.9285,0.0,1.49122,61.14,
ghsarp-7-6-5,0.01,15.6614,15.6614,0.0,0.750439,30.768,
ghsarp-7-6-6,0.01,17.3741,17.3741,0.0,1.05068,43.078,
ghsarp-7-6-7,0.0,15.8334,15.8334,0.0,0.84878,34.8,
ghsarp-7-6-8,0.01,18.5924,18.5924,0.0,0.580878,23.816,
ghsarp-7-6-9,0.0,16.3686,16.3686,0.0,0.853463,34.992,
ghsarp-7-7-0,0.01,12.6698,12.6698,0.0,0.458829,18.812,
ghsarp-7-7-1,0.0,20.9977,20.9977,0.0,0.644439,26.422,
ghsarp-7-7-2,0.01,16.9665,16.9665,0.0,0.627024,25.708,
ghsarp-7-7-3,0.0,17.0054,17.0054,0.0,1.45927,59.83,
ghsarp-7-7-4,0.01,12.9085,12.9085,0.0,0.742439,30.44,
ghsarp-7-7-5,0.0,13.8032,13.8032,0.0,0.524683,21.512,
ghsarp-7-7-6,0.0,12.5901,12.5901,0.0,1.02044,41.838,
ghsarp-7-7-7,0.0,13.7132,13.7132,0.0,0.713659,29.26,
ghsarp-7-7-8,0.01,24.7732,24.7732,0.0,0.476829,19.55,
ghsarp-7-7-9,0.0,27.0626,27.0626,0.0,0.952049,39.034,
ghsarp-7-8-0,0.01,16.9346,16.9346,0.0,0.861854,35.336,
ghsarp-7-8-1,0.01,32.246,32.246,0.0,0.623756,25.574,
ghsarp-7-8-2,0.01,19.6448,19.6448,0.0,1.27883,52.432,
ghsarp-7-8-3,0.0,20.7277,20.7277,0.0,0.44039,18.056,
ghsarp-7-8-4,0.01,16.5582,16.5582,0.0,0.600683,24.628,
ghsarp-7-8-5,0.0,11.4586,11.4586,0.0,0.779415,31.956,
ghsarp-7-8-6,0.0,21.063,21.063,0.0,0.400976,16.44,
ghsarp-7-8-7,0.01,23.5773,23.5773,0.0,0.633756,25.984,
ghsarp-7-8-8,0.0,28.0322,28.0322,0.0,0.355171,14.562,
ghsarp-7-8-9,0.01,21.7617,21.7617,0.0,0.804537,32.986,
ghsarp-8-5-0,0.01,30.8728,30.8728,0.0,0.987707,40.496,
ghsarp-8-5-1,0.01,20.7103,20.7103,0.0,0.780537,32.002,
ghsarp-8-5-2,0.01,27.4332,27.4332,0.0,1.35512,55.56,
ghsarp-8-5-3,0.0,21.8464,21.8464,0.0,1.61585,66.25,
ghsarp-8-5-4,0.0,24.5489,24.5489,0.0,1.83063,75.056,
ghsarp-8-5-5,0.0,14.7213,14.7213,0.0,0.79478,32.586,
ghsarp-8-5-6,0.01,15.8222,15.8222,0.0,1.48585,60.92,
ghsarp-8-5-7,0.0,24.3769,24.3769,0.0,0.655122,26.86,
ghsarp-8-5-8,0.0,17.5937,17.5937,0.0,1.14351,46.884,
ghsarp-8-5-9,0.0,16.3572,16.3572,0.0,1.15195,47.23,
ghsarp-8-6-0,0.0,9.68242,9.68242,0.0,0.410293,16.822,
ghsarp-8-6-1,0.0,17.9823,17.9823,0.0,1.16756,47.87,
ghsarp-8-6-2,0.01,12.8416,12.8416,0.0,1.83912,75.404,
ghsarp-8-6-3,0.01,22.2352,22.2352,0.0,1.26668,51.934,
ghsarp-8-6-4,0.01,22.9969,22.9969,0.0,0.863854,35.418,
ghsarp-8-6-5,0.01,33.0942,33.0942,0.0,1.32117,54.168,
ghsarp-8-6-6,0.0,18.8287,18.8287,0.0,1.41146,57.87,
ghsarp-8-6-7,0.01,24.9628,24.9628,0.0,0.919707,37.708,
ghsarp-8-6-8,0.0,32.2091,32.2091,0.0,0.726537,29.788,
ghsarp-8-6-9,0.01,27.2766,27.2766,0.0,1.13195,46.41,
ghsarp-8-7-0,0.01,21.3153,21.3153,0.0,1.0862,44.534,
ghsarp-8-7-1,0.0,29.7903,29.7903,0.0,0.652829,26.766,
ghsarp-8-7-2,0.0,21.917,21.917,0.0,1.16254,47.664,
ghsarp-8-7-3,0.0,18.8288,18.8288,0.0,0.685707,28.114,
ghsarp-8-7-4,0.01,17.3832,17.3832,0.0,0.872195,35.76,
ghsarp-8-7-5,0.0,17.883,17.883,0.0,1.35493,55.552,
ghsarp-8-7-6,0.01,23.8397,23.8397,0.0,0.864341,35.438,
ghsarp-8-7-7,0.01,28.3305,28.3305,0.0,0.560927,22.998,
ghsarp-8-7-8,0.01,29.6645,29.6645,0.0,0.928829,38.082,
ghsarp-8-7-9,0.01,24.4848,24.4848,0.0,1.11424,45.684,
ghsarp-9-5-0,0.01,21.841,21.841,0.0,0.896146,36.742,
ghsarp-9-5-1,0.01,19.356,19.356,0.0,0.824195,33.792,
ghsarp-9-5-2,0.01,20.1238,20.1238,0.0,1.40541,57.622,
ghsarp-9-5-3,0.01,25.8322,25.8322,0.0,1.67722,68.766,
ghsarp-9-5-4,0.0,27.8548,27.8548,0.0,0.86,35.26,
ghsarp-9-5-5,0.01,22.1233,22.1233,0.0,1.29537,53.11,
ghsarp-9-5-6,0.0,29.2599,29.2599,0.0,1.09688,44.972,
ghsarp-9-5-7,0.01,26.3308,26.3308,0.0,1.07659,44.14,
ghsarp-9-5-8,0.0,27.1913,27.1913,0.0,1.25405,51.416,
ghsarp-9-5-9,0.01,32.1572,32.1572,0.0,1.748,71.668,
ghsarp-9-6-0,0.01,26.9044,26.9044,0.0,1.48868,61.036,
ghsarp-9-6-1,0.01,36.9692,36.9692,0.0,1.51356,62.056,
ghsarp-9-6-2,0.01,22.3434,22.3434,0.0,1.57878,64.73,
ghsarp-9-6-3,0.01,22.4069,22.4069,0.0,1.01176,41.482,
ghsarp-9-6-4,0.01,24.636,24.636,0.0,0.768537,31.51,
ghsarp-9-6-5,0.01,27.5015,27.5015,0.0,1.58722,65.076,
ghsarp-9-6-6,0.01,29.0917,29.0917,0.0,1.25859,51.602,
ghsarp-9-6-7,0.0,31.5079,31.5079,0.0,0.905659,37.132,
ghsarp-9-6-8,0.0,36.7463,36.7463,0.0,1.09351,44.834,
ghsarp-9-6-9,0.01,26.5219,26.5219,0.0,1.06185,43.536,
--- Separator for class: ghsarp,,,,,,,
sarp-10-10-A-1,0.01,14.206,14.206,0.0,0.504878,20.7,
sarp-10-10-A-2,0.01,6.057,6.057,0.0,0.646341,26.5,
sarp-10-10-B-1,0.01,15.34,15.34,0.0,0.782927,32.1,
sarp-10-10-B-2,0.02,19.477,19.477,0.0,1.49024,61.1,
sarp-10-10-C-1,0.01,68.423,68.423,0.0,0.931707,38.2,
sarp-10-10-C-2,0.01,77.575,77.575,0.0,0.926829,38.0,
sarp-10-15-A-1,0.01,-15.524,-15.524,0.0,0.663415,27.2,
sarp-10-15-A-2,0.02,11.781,11.781,0.0,0.868293,35.6,
sarp-10-15-B-1,0.11,3.956,3.956,0.0,1.36098,55.8,
sarp-10-15-B-2,0.01,5.017,5.017,0.0,0.987805,40.5,
sarp-10-15-C-1,0.01,64.554,64.554,0.0,0.85122,34.9,
sarp-10-15-C-2,0.01,75.399,75.399,0.0,2.20976,90.6,
sarp-10-20-A-1,0.01,0.341,0.341,0.0,1.45854,59.8,
sarp-10-20-A-2,0.02,12.247,12.247,0.0,0.702439,28.8,
sarp-10-20-B-1,0.01,13.478,13.478,0.0,0.697561,28.6,
sarp-10-20-B-2,0.01,10.65,10.65,0.0,0.763415,31.3,
sarp-10-20-C-1,0.02,64.592,64.592,0.0,1.32927,54.5,
sarp-10-20-C-2,0.02,76.455,76.455,0.0,1.42439,58.4,
sarp-10-30-A-1,0.01,-6.955,-6.955,0.0,0.882927,36.2,
sarp-10-30-A-2,0.01,13.471,13.471,0.0,0.329268,13.5,
sarp-10-30-B-1,0.02,8.466,8.466,0.0,0.558537,22.9,
sarp-10-30-B-2,0.01,9.228,9.228,0.0,0.780488,32.0,
sarp-10-30-C-1,0.03,80.462,80.462,0.0,2.10976,86.5,
sarp-10-30-C-2,0.02,31.073,31.073,0.0,1.46341,60.0,
sarp-10-5-A-1,0.02,25.218,25.218,0.0,1.2439,51.0,
sarp-10-5-A-2,0.01,20.614,20.614,0.0,1.53415,62.9,
sarp-10-5-B-1,0.01,37.254,37.254,0.0,1.47561,60.5,
sarp-10-5-B-2,0.02,35.725,35.725,0.0,1.44634,59.3,
sarp-10-5-C-1,0.01,82.657,82.657,0.0,2.23171,91.5,
sarp-10-5-C-2,0.02,107.458,107.458,0.0,2.58049,105.8,
sarp-15-10-A-1,0.02,16.692,16.692,0.0,1.34634,55.2,
sarp-15-10-A-2,0.02,31.32,31.32,0.0,0.836585,34.3,
sarp-15-10-B-1,0.03,26.892,26.892,0.0,1.74634,71.6,
sarp-15-10-B-2,0.02,33.541,33.541,0.0,1.83659,75.3,
sarp-15-10-C-1,0.03,104.335,104.335,0.0,2.27805,93.4,
sarp-15-10-C-2,0.03,132.684,132.684,0.0,2.87317,117.8,
sarp-15-15-A-1,0.02,-5.096,-5.096,0.0,1.08049,44.3,
sarp-15-15-A-2,0.03,33.059,33.059,0.0,0.943902,38.7,
sarp-15-15-B-1,0.02,24.285,24.285,0.0,0.84878,34.8,
sarp-15-15-B-2,0.37,4.606,4.606,0.0,1.06098,43.5,
sarp-15-15-C-1,0.02,133.158,133.158,0.0,1.96341,80.5,
sarp-15-15-C-2,0.03,94.361,94.361,0.0,1.90244,78.0,
sarp-15-20-A-1,0.03,18.774,18.774,0.0,0.629268,25.8,
sarp-15-20-A-2,0.03,14.663,14.663,0.0,1.00244,41.1,
sarp-15-20-B-1,0.05,29.421,29.421,0.0,0.665854,27.3,
sarp-15-20-B-2,0.03,27.685,27.685,0.0,0.753659,30.9,
sarp-15-20-C-1,0.03,102.902,102.902,0.0,1.50732,61.8,
sarp-15-20-C-2,0.03,76.4,76.4,0.0,1.62439,66.6,
sarp-15-30-A-1,0.03,28.327,28.327,0.0,0.904878,37.1,
sarp-15-30-A-2,0.03,5.3,5.3,0.0,0.607317,24.9,
sarp-15-30-B-1,0.03,27.665,27.665,0.0,0.812195,33.3,
sarp-15-30-B-2,0.03,33.686,33.686,0.0,0.468293,19.2,
sarp-15-30-C-1,0.03,91.94,91.94,0.0,1.67073,68.5,
sarp-15-30-C-2,0.02,78.216,78.216,0.0,1.57561,64.6,
sarp-20-10-A-1,0.04,28.465,28.465,0.0,2.31463,94.9,
sarp-20-10-A-2,0.05,21.015,21.015,0.0,2.41463,99.0,
sarp-20-10-B-1,0.05,43.164,43.164,0.0,2.16341,88.7,
sarp-20-10-B-2,0.07,35.733,35.733,0.0,2.7,110.7,
sarp-20-10-C-1,0.06,143.758,143.758,0.0,4.07073,166.9,
sarp-20-10-C-2,0.04,134.179,134.179,0.0,3.97561,163.0,
sarp-20-15-A-1,0.05,6.134,6.134,0.0,1.70976,70.1,
sarp-20-15-A-2,0.05,27.145,27.145,0.0,0.807317,33.1,
sarp-20-15-B-1,0.05,42.031,42.031,0.0,1.38537,56.8,
sarp-20-15-B-2,0.09,47.795,47.795,0.0,1.63659,67.1,
sarp-20-15-C-1,0.05,157.071,157.071,0.0,3.7,151.7,
sarp-20-15-C-2,0.04,118.126,118.126,0.0,3.20244,131.3,
sarp-20-20-A-1,0.04,36.309,36.309,0.0,0.807317,33.1,
sarp-20-20-A-2,0.04,29.026,29.026,0.0,0.897561,36.8,
sarp-20-20-B-1,0.05,52.394,52.394,0.0,0.673171,27.6,
sarp-20-20-B-2,0.04,41.237,41.237,0.0,0.553659,22.7,
sarp-20-20-C-1,0.06,132.429,132.429,0.0,2.6439,108.4,
sarp-20-20-C-2,0.04,106.278,106.278,0.0,1.8439,75.6,
sarp-20-30-A-1,0.05,25.007,25.007,0.0,0.870732,35.7,
sarp-20-30-A-2,0.03,18.686,18.686,0.0,0.746341,30.6,
sarp-20-30-B-1,0.05,27.094,27.094,0.0,0.573171,23.5,
sarp-20-30-B-2,0.05,30.053,30.053,0.0,1.31707,54.0,
sarp-20-30-C-1,0.06,147.772,147.772,0.0,1.88537,77.3,
sarp-20-30-C-2,0.08,174.203,174.203,0.0,1.91951,78.7,
sarp-30-10-A-1,0.13,42.891,42.891,0.0,3.64878,149.6,
sarp-30-10-A-2,0.12,43.625,43.625,0.0,3.56098,146.0,
sarp-30-10-B-1,0.14,55.382,55.382,0.0,4.32683,177.4,
sarp-30-10-B-2,0.09,59.086,59.086,0.0,3.69268,151.4,
sarp-30-10-C-1,0.16,232.51,232.51,0.0,5.70244,233.8,
sarp-30-10-C-2,0.16,245.001,245.001,0.0,4.5561,186.8,
sarp-30-15-A-1,0.11,34.232,34.232,0.0,3.25122,133.3,
sarp-30-15-A-2,0.13,30.817,30.817,0.0,3.39268,139.1,
sarp-30-15-B-1,0.09,45.872,45.872,0.0,3.27561,134.3,
sarp-30-15-B-2,0.13,65.005,65.005,0.0,2.77317,113.7,
sarp-30-15-C-1,0.17,219.644,219.644,0.0,5.75854,236.1,
sarp-30-15-C-2,0.15,215.879,215.879,0.0,7.89024,323.5,
sarp-30-20-A-1,0.14,48.247,48.247,0.0,2.11951,86.9,
sarp-30-20-A-2,0.15,38.295,38.295,0.0,1.97561,81.0,
sarp-30-20-B-1,0.11,32.09,32.09,0.0,2.3561,96.6,
sarp-30-20-B-2,5.96,84.258,84.258,0.0,2.39268,98.1,
sarp-30-20-C-1,1.47,260.582,260.582,0.0,5.79268,237.5,
sarp-30-20-C-2,0.23,218.844,218.844,0.0,4.98537,204.4,
sarp-30-30-A-1,0.11,34.838,34.838,0.0,1.10976,45.5,
sarp-30-30-A-2,0.23,43.791,43.791,0.0,0.929268,38.1,
sarp-30-30-B-1,0.18,59.257,59.257,0.0,0.739024,30.3,
sarp-30-30-B-2,0.11,29.125,29.125,0.0,0.453659,18.6,
sarp-30-30-C-1,0.16,206.598,206.598,0.0,2.43171,99.7,
sarp-30-30-C-2,0.12,202.467,202.467,0.0,3.17317,130.1,
sarp-5-10-A-1,0.01,10.574,10.574,0.0,0.358537,14.7,
sarp-5-10-A-2,0.0,4.359,4.359,0.0,0.453659,18.6,
sarp-5-10-B-1,0.0,10.177,10.177,0.0,0.587805,24.1,
sarp-5-10-B-2,0.01,-3.363,-3.363,0.0,0.819512,33.6,
sarp-5-10-C-1,0.01,27.822,27.822,0.0,1.1561,47.4,
sarp-5-10-C-2,0.0,40.173,40.173,0.0,0.87561,35.9,
sarp-5-15-A-1,0.0,-5.116,-5.116,0.0,0.646341,26.5,
sarp-5-15-A-2,0.0,-11.242,-11.242,0.0,0.643902,26.4,
sarp-5-15-B-1,0.0,3.308,3.308,0.0,0.097561,4.0,
sarp-5-15-B-2,0.0,3.165,3.165,0.0,0.0829268,3.4,
sarp-5-15-C-1,0.0,25.727,25.727,0.0,1.39512,57.2,
sarp-5-15-C-2,0.01,13.717,13.717,0.0,0.841463,34.5,
sarp-5-20-A-1,0.01,0.261,0.261,0.0,0.407317,16.7,
sarp-5-20-A-2,0.0,4.136,4.136,0.0,0.209756,8.6,
sarp-5-20-B-1,0.0,-4.629,-4.629,0.0,0.407317,16.7,
sarp-5-20-B-2,0.0,12.219,12.219,0.0,0.582927,23.9,
sarp-5-20-C-1,0.01,31.993,31.993,0.0,0.992683,40.7,
sarp-5-20-C-2,0.0,23.077,23.077,0.0,0.573171,23.5,
sarp-5-30-A-1,0.01,-1.633,-1.633,0.0,0.65122,26.7,
sarp-5-30-A-2,0.01,-3.757,-3.757,0.0,0.719512,29.5,
sarp-5-30-B-1,0.0,-2.871,-2.871,0.0,0.343902,14.1,
sarp-5-30-B-2,0.01,8.396,8.396,0.0,0.55122,22.6,
sarp-5-30-C-1,0.0,22.815,22.815,0.0,1.1878,48.7,
sarp-5-30-C-2,0.01,49.178,49.178,0.0,1.26829,52.0,
sarp-5-5-A-1,0.0,10.052,10.052,0.0,0.87561,35.9,
sarp-5-5-A-2,0.02,0.624,0.624,0.0,1.16829,47.9,
sarp-5-5-B-1,0.01,16.673,16.673,0.0,0.870732,35.7,
sarp-5-5-B-2,0.0,17.361,17.361,0.0,0.604878,24.8,
sarp-5-5-C-1,0.0,37.988,37.988,0.0,1.23415,50.6,
sarp-5-5-C-2,0.0,24.523,24.523,0.0,0.578049,23.7,
sarp-5-6-A-1,0.0,3.35,3.35,0.0,0.709756,29.1,
sarp-5-6-A-2,0.01,6.775,6.775,0.0,0.621951,25.5,
sarp-5-6-B-1,0.0,15.22,15.22,0.0,0.473171,19.4,
sarp-5-6-B-2,0.0,5.503,5.503,0.0,0.873171,35.8,
sarp-5-6-C-1,0.0,35.478,35.478,0.0,1.06341,43.6,
sarp-5-6-C-2,0.0,35.264,35.264,0.0,1.77805,72.9,
sarp-5-7-A-1,0.01,2.912,2.912,0.0,0.358537,14.7,
sarp-5-7-A-2,0.01,11.322,11.322,0.0,0.463415,19.0,
sarp-5-7-B-1,0.0,8.468,8.468,0.0,0.94878,38.9,
sarp-5-7-B-2,0.01,8.879,8.879,0.0,0.812195,33.3,
sarp-5-7-C-1,0.02,25.654,25.654,0.0,1.67317,68.6,
sarp-5-7-C-2,0.0,27.191,27.191,0.0,0.782927,32.1,
sarp-5-8-A-1,0.0,5.836,5.836,0.0,0.7,28.7,
sarp-5-8-A-2,0.0,-6.636,-6.636,0.0,0.921951,37.8,
sarp-5-8-B-1,0.0,13.07,13.07,0.0,0.546341,22.4,
sarp-5-8-B-2,0.01,10.803,10.803,0.0,1.02195,41.9,
sarp-5-8-C-1,0.0,30.123,30.123,0.0,0.863415,35.4,
sarp-5-8-C-2,0.01,35.574,35.574,0.0,0.912195,37.4,
sarp-5-9-A-1,0.0,4.701,4.701,0.0,0.312195,12.8,
sarp-5-9-A-2,0.0,-1.032,-1.032,0.0,0.639024,26.2,
sarp-5-9-B-1,0.0,5.001,5.001,0.0,0.782927,32.1,
sarp-5-9-B-2,0.0,12.93,12.93,0.0,0.812195,33.3,
sarp-5-9-C-1,0.0,31.502,31.502,0.0,1.3,53.3,
sarp-5-9-C-2,0.0,23.221,23.221,0.0,1.04146,42.7,
sarp-6-5-A-1,0.02,4.91,4.91,0.0,1.15122,47.2,
sarp-6-5-A-2,0.0,11.625,11.625,0.0,0.821951,33.7,
sarp-6-5-B-1,0.0,12.979,12.979,0.0,1.63171,66.9,
sarp-6-5-B-2,0.0,14.897,14.897,0.0,1.47073,60.3,
sarp-6-5-C-1,0.0,44.307,44.307,0.0,1.72683,70.8,
sarp-6-5-C-2,0.01,25.922,25.922,0.0,1.52927,62.7,
sarp-6-6-A-1,0.01,9.224,9.224,0.0,0.585366,24.0,
sarp-6-6-A-2,0.01,16.899,16.899,0.0,0.460976,18.9,
sarp-6-6-B-1,0.0,20.242,20.242,0.0,1.08049,44.3,
sarp-6-6-B-2,0.0,20.191,20.191,0.0,1.11951,45.9,
sarp-6-6-C-1,0.0,37.042,37.042,0.0,2.10488,86.3,
sarp-6-6-C-2,0.01,43.38,43.38,0.0,1.12927,46.3,
sarp-6-7-A-1,0.01,4.671,4.671,0.0,1.10732,45.4,
sarp-6-7-A-2,0.01,11.434,11.434,0.0,0.897561,36.8,
sarp-6-7-B-1,0.01,21.503,21.503,0.0,0.334146,13.7,
sarp-6-7-B-2,0.01,6.971,6.971,0.0,0.631707,25.9,
sarp-6-7-C-1,0.01,32.503,32.503,0.0,1.64878,67.6,
sarp-6-7-C-2,0.0,43.027,43.027,0.0,1.35854,55.7,
sarp-6-8-A-1,0.0,2.694,2.694,0.0,0.941463,38.6,
sarp-6-8-A-2,0.01,9.97,9.97,0.0,1.1,45.1,
sarp-6-8-B-1,0.01,13.453,13.453,0.0,0.839024,34.4,
sarp-6-8-B-2,0.0,15.182,15.182,0.0,0.734146,30.1,
sarp-6-8-C-1,0.0,51.869,51.869,0.0,1.35366,55.5,
sarp-6-8-C-2,0.0,47.781,47.781,0.0,1.38049,56.6,
sarp-6-9-A-1,0.01,7.844,7.844,0.0,0.609756,25.0,
sarp-6-9-A-2,0.01,3.775,3.775,0.0,1.03902,42.6,
sarp-6-9-B-1,0.01,3.899,3.899,0.0,1.20244,49.3,
sarp-6-9-B-2,0.01,15.572,15.572,0.0,1.07073,43.9,
sarp-6-9-C-1,0.01,35.888,35.888,0.0,1.49024,61.1,
sarp-6-9-C-2,0.01,44.07,44.07,0.0,1.93171,79.2,
sarp-7-5-A-1,0.0,6.639,6.639,0.0,0.985366,40.4,
sarp-7-5-A-2,0.0,8.976,8.976,0.0,1.4439,59.2,
sarp-7-5-B-1,0.0,16.805,16.805,0.0,0.868293,35.6,
sarp-7-5-B-2,0.0,19.094,19.094,0.0,1.62195,66.5,
sarp-7-5-C-1,0.01,51.489,51.489,0.0,2.4878,102.0,
sarp-7-5-C-2,0.01,62.287,62.287,0.0,1.44878,59.4,
sarp-7-6-A-1,0.0,4.95,4.95,0.0,0.868293,35.6,
sarp-7-6-A-2,0.01,10.172,10.172,0.0,0.456098,18.7,
sarp-7-6-B-1,0.01,15.27,15.27,0.0,1.21951,50.0,
sarp-7-6-B-2,0.01,14.807,14.807,0.0,1.43659,58.9,
sarp-7-6-C-1,0.0,60.907,60.907,0.0,1.47805,60.6,
sarp-7-6-C-2,0.01,57.996,57.996,0.0,1.15366,47.3,
sarp-7-7-A-1,0.0,16.039,16.039,0.0,0.595122,24.4,
sarp-7-7-A-2,0.01,7.723,7.723,0.0,0.717073,29.4,
sarp-7-7-B-1,0.0,17.499,17.499,0.0,0.658537,27.0,
sarp-7-7-B-2,0.0,20.918,20.918,0.0,0.978049,40.1,
sarp-7-7-C-1,0.01,54.716,54.716,0.0,0.885366,36.3,
sarp-7-7-C-2,0.01,54.966,54.966,0.0,1.1561,47.4,
sarp-7-8-A-1,0.0,7.442,7.442,0.0,0.617073,25.3,
sarp-7-8-A-2,0.01,1.941,1.941,0.0,1.00732,41.3,
sarp-7-8-B-1,0.01,15.361,15.361,0.0,0.980488,40.2,
sarp-7-8-B-2,0.01,10.192,10.192,0.0,1.47073,60.3,
sarp-7-8-C-1,0.01,33.835,33.835,0.0,1.92927,79.1,
sarp-7-8-C-2,0.01,44.291,44.291,0.0,1.62927,66.8,
sarp-8-5-A-1,0.01,17.877,17.877,0.0,1.37073,56.2,
sarp-8-5-A-2,0.01,23.575,23.575,0.0,1.36829,56.1,
sarp-8-5-B-1,0.01,28.775,28.775,0.0,1.12439,46.1,
sarp-8-5-B-2,0.01,24.344,24.344,0.0,1.37561,56.4,
sarp-8-5-C-1,0.0,59.668,59.668,0.0,1.89268,77.6,
sarp-8-5-C-2,0.01,65.264,65.264,0.0,2.53171,103.8,
sarp-8-6-A-1,0.01,16.391,16.391,0.0,0.960976,39.4,
sarp-8-6-A-2,0.01,17.061,17.061,0.0,1.07073,43.9,
sarp-8-6-B-1,0.01,25.916,25.916,0.0,0.792683,32.5,
sarp-8-6-B-2,0.01,23.213,23.213,0.0,1.02927,42.2,
sarp-8-6-C-1,0.01,46.536,46.536,0.0,2.5439,104.3,
sarp-8-6-C-2,0.01,60.794,60.794,0.0,2.08293,85.4,
sarp-8-7-A-1,0.01,13.711,13.711,0.0,0.734146,30.1,
sarp-8-7-A-2,0.01,19.933,19.933,0.0,1.18537,48.6,
sarp-8-7-B-1,0.01,25.016,25.016,0.0,1.27073,52.1,
sarp-8-7-B-2,0.01,22.005,22.005,0.0,0.726829,29.8,
sarp-8-7-C-1,0.01,54.988,54.988,0.0,2.07317,85.0,
sarp-8-7-C-2,0.01,62.256,62.256,0.0,2.16829,88.9,
sarp-9-5-A-1,0.01,12.586,12.586,0.0,1.90732,78.2,
sarp-9-5-A-2,0.01,22.102,22.102,0.0,1.39268,57.1,
sarp-9-5-B-1,0.01,21.833,21.833,0.0,2.10244,86.2,
sarp-9-5-B-2,0.0,19.717,19.717,0.0,1.85854,76.2,
sarp-9-5-C-1,0.01,80.907,80.907,0.0,2.92439,119.9,
sarp-9-5-C-2,0.01,86.793,86.793,0.0,3.03415,124.4,
sarp-9-6-A-1,0.01,19.614,19.614,0.0,1.6122,66.1,
sarp-9-6-A-2,0.01,9.838,9.838,0.0,1.65366,67.8,
sarp-9-6-B-1,0.01,21.031,21.031,0.0,1.5122,62.0,
sarp-9-6-B-2,0.01,21.837,21.837,0.0,1.07561,44.1,
sarp-9-6-C-1,0.0,81.025,81.025,0.0,2.72683,111.8,
sarp-9-6-C-2,0.01,66.092,66.092,0.0,1.57317,64.5,
--- Separator for class: csarp,,,,,,,
sfsarp-10-10-1,0.0,32.4248,32.4248,0.0,0.0063122,0.2588,
sfsarp-10-10-2,0.02,32.3675,32.3675,0.0,0.00334634,0.1372,
sfsarp-10-10-3,0.01,32.4386,32.4386,0.0,0.00482683,0.1979,
sfsarp-10-10-4,0.01,32.5265,32.5265,0.0,0.00689756,0.2828,
sfsarp-10-10-5,0.01,32.372,32.372,0.0,0.010961,0.4494,
sfsarp-10-15-1,0.01,32.3711,32.3711,0.0,0.0119317,0.4892,
sfsarp-10-15-2,0.01,32.4488,32.4488,0.0,0.0104073,0.4267,
sfsarp-10-15-3,0.01,32.3659,32.3659,0.0,0.0118976,0.4878,
sfsarp-10-15-4,0.01,32.385,32.385,0.0,0.00709512,0.2909,
sfsarp-10-15-5,0.01,32.3253,32.3253,0.0,0.00380488,0.156,
sfsarp-10-20-1,0.01,32.3378,32.3378,0.0,0.00457317,0.1875,
sfsarp-10-20-2,0.01,32.3864,32.3864,0.0,0.00280976,0.1152,
sfsarp-10-20-3,0.01,32.3729,32.3729,0.0,0.00229268,0.094,
sfsarp-10-20-4,0.01,32.5009,32.5009,0.0,0.00906098,0.3715,
sfsarp-10-20-5,0.01,32.2446,32.2446,0.0,0.00792195,0.3248,
sfsarp-10-30-1,0.02,32.4978,32.4978,0.0,0.0105341,0.4319,
sfsarp-10-30-2,0.01,32.391,32.391,0.0,0.0047,0.1927,
sfsarp-10-30-3,0.01,32.3742,32.3742,0.0,0.00202927,0.0832,
sfsarp-10-30-4,0.02,32.367,32.367,0.0,0.00330244,0.1354,
sfsarp-10-30-5,0.01,32.3533,32.3533,0.0,0.0165829,0.6799,
sfsarp-10-5-1,0.01,32.364,32.364,0.0,0.0108707,0.4457,
sfsarp-10-5-2,0.01,32.2581,32.2581,0.0,0.00836829,0.3431,
sfsarp-10-5-3,0.0,32.3969,32.3969,0.0,0.00367561,0.1507,
sfsarp-10-5-4,0.01,32.3971,32.3971,0.0,0.0100122,0.4105,
sfsarp-10-5-5,0.01,32.42,32.42,0.0,0.0111732,0.4581,
sfsarp-15-10-1,0.02,48.6228,48.6228,0.0,0.0200098,0.8204,
sfsarp-15-10-2,0.02,48.6625,48.6625,0.0,0.0126122,0.5171,
sfsarp-15-10-3,0.02,48.531,48.531,0.0,0.0179146,0.7345,
sfsarp-15-10-4,0.02,48.6364,48.6364,0.0,0.013022,0.5339,
sfsarp-15-10-5,0.03,48.5744,48.5744,0.0,0.00813902,0.3337,
sfsarp-15-15-1,0.03,48.4599,48.4599,0.0,0.00963902,0.3952,
sfsarp-15-15-2,0.02,48.5217,48.5217,0.0,0.00577805,0.2369,
sfsarp-15-15-3,0.03,48.5968,48.5968,0.0,0.00904878,0.371,
sfsarp-15-15-4,0.03,48.801,48.801,0.0,0.0222829,0.9136,
sfsarp-15-15-5,0.02,48.5716,48.5716,0.0,0.0112585,0.4616,
sfsarp-15-20-1,0.02,48.5702,48.5702,0.0,0.00447805,0.1836,
sfsarp-15-20-2,0.02,48.5021,48.5021,0.0,0.00277805,0.1139,
sfsarp-15-20-3,0.03,48.5294,48.5294,0.0,0.0068439,0.2806,
sfsarp-15-20-4,0.03,48.5412,48.5412,0.0,0.00332439,0.1363,
sfsarp-15-20-5,0.03,48.6446,48.6446,0.0,0.0102171,0.4189,
sfsarp-15-30-1,0.02,48.8159,48.8159,0.0,0.00906585,0.3717,
sfsarp-15-30-2,0.05,48.5513,48.5513,0.0,0.00788537,0.3233,
sfsarp-15-30-3,0.03,48.6249,48.6249,0.0,0.00429756,0.1762,
sfsarp-15-30-4,0.03,48.5781,48.5781,0.0,0.0122122,0.5007,
sfsarp-15-30-5,0.03,48.8152,48.8152,0.0,0.0092439,0.379,
sfsarp-20-10-1,0.03,64.7899,64.7899,0.0,0.0128634,0.5274,
sfsarp-20-10-2,0.05,64.7828,64.7828,0.0,0.0131902,0.5408,
sfsarp-20-10-3,0.06,64.78,64.78,0.0,0.0210024,0.8611,
sfsarp-20-10-4,0.04,64.6915,64.6915,0.0,0.0175463,0.7194,
sfsarp-20-10-5,0.04,64.7093,64.7093,0.0,0.0199585,0.8183,
sfsarp-20-15-1,0.04,64.8591,64.8591,0.0,0.00958049,0.3928,
sfsarp-20-15-2,0.05,64.9887,64.9887,0.0,0.0270732,1.11,
sfsarp-20-15-3,0.07,64.9298,64.9298,0.0,0.0346805,1.4219,
sfsarp-20-15-4,0.06,64.9705,64.9705,0.0,0.026639,1.0922,
sfsarp-20-15-5,0.04,64.8694,64.8694,0.0,0.0147146,0.6033,
sfsarp-20-20-1,0.05,64.8248,64.8248,0.0,0.0133854,0.5488,
sfsarp-20-20-2,0.08,64.7576,64.7576,0.0,0.0185317,0.7598,
sfsarp-20-20-3,0.04,64.9035,64.9035,0.0,0.00427561,0.1753,
sfsarp-20-20-4,0.05,65.0373,65.0373,0.0,0.0148195,0.6076,
sfsarp-20-20-5,0.04,64.7474,64.7474,0.0,0.00431707,0.177,
sfsarp-20-30-1,0.09,65.2369,65.2369,0.0,0.0233171,0.956,
sfsarp-20-30-2,0.09,64.6853,64.6853,0.0,0.0140659,0.5767,
sfsarp-20-30-3,0.05,64.6453,64.6453,0.0,0.00533659,0.2188,
sfsarp-20-30-4,0.06,64.9287,64.9287,0.0,0.011461,0.4699,
sfsarp-20-30-5,0.06,64.9857,64.9857,0.0,0.0136683,0.5604,
sfsarp-30-10-1,0.2,97.2705,97.2705,0.0,0.0152122,0.6237,
sfsarp-30-10-2,0.17,97.3404,97.3404,0.0,0.0327268,1.3418,
sfsarp-30-10-3,0.15,97.3426,97.3426,0.0,0.0231756,0.9502,
sfsarp-30-10-4,0.15,96.9439,96.9439,0.0,0.0313122,1.2838,
sfsarp-30-10-5,0.19,97.3686,97.3686,0.0,0.0273415,1.121,
sfsarp-30-15-1,0.21,97.2057,97.2057,0.0,0.0203585,0.8347,
sfsarp-30-15-2,0.27,97.2025,97.2025,0.0,0.023178,0.9503,
sfsarp-30-15-3,0.15,96.9789,96.9789,0.0,0.0123561,0.5066,
sfsarp-30-15-4,0.29,97.2605,97.2605,0.0,0.0368488,1.5108,
sfsarp-30-15-5,0.16,97.4627,97.4627,0.0,0.0375537,1.5397,
sfsarp-30-20-1,0.18,97.2581,97.2581,0.0,0.0118073,0.4841,
sfsarp-30-20-2,0.16,97.1115,97.1115,0.0,0.0234951,0.9633,
sfsarp-30-20-3,0.14,97.273,97.273,0.0,0.0210805,0.8643,
sfsarp-30-20-4,0.27,97.3046,97.3046,0.0,0.0157537,0.6459,
sfsarp-30-20-5,0.15,97.2312,97.2312,0.0,0.0206805,0.8479,
sfsarp-30-30-1,0.14,97.3445,97.3445,0.0,0.0117195,0.4805,
sfsarp-30-30-2,0.21,97.1903,97.1903,0.0,0.0136756,0.5607,
sfsarp-30-30-3,0.28,97.0427,97.0427,0.0,0.00769024,0.3153,
sfsarp-30-30-4,0.15,97.1263,97.1263,0.0,0.00892927,0.3661,
sfsarp-30-30-5,0.19,97.3429,97.3429,0.0,0.0193585,0.7937,
sfsarp-5-10-1,0.0,16.1771,16.1771,0.0,0.00157561,0.0646,
sfsarp-5-10-2,0.0,16.2625,16.2625,0.0,0.00640976,0.2628,
sfsarp-5-10-3,0.0,16.1688,16.1688,0.0,0.000826829,0.0339,
sfsarp-5-10-4,0.0,16.1915,16.1915,0.0,0.00142195,0.0583,
sfsarp-5-10-5,0.01,16.2755,16.2755,0.0,0.00832927,0.3415,
sfsarp-5-15-1,0.0,16.1707,16.1707,0.0,0.00151951,0.0623,
sfsarp-5-15-2,0.01,16.0413,16.0413,0.0,0.00417073,0.171,
sfsarp-5-15-3,0.01,16.2617,16.2617,0.0,0.0114171,0.4681,
sfsarp-5-15-4,0.0,16.1798,16.1798,0.0,0.00349268,0.1432,
sfsarp-5-15-5,0.0,16.1939,16.1939,0.0,0.00134146,0.055,
sfsarp-5-20-1,0.0,16.1832,16.1832,0.0,0.00496098,0.2034,
sfsarp-5-20-2,0.0,16.3584,16.3584,0.0,0.00202195,0.0829,
sfsarp-5-20-3,0.0,16.0206,16.0206,0.0,0.00137561,0.0564,
sfsarp-5-20-4,0.01,16.1678,16.1678,0.0,0.00274634,0.1126,
sfsarp-5-20-5,0.01,16.1887,16.1887,0.0,0.00142195,0.0583,
sfsarp-5-30-1,0.01,16.1923,16.1923,0.0,0.0036,0.1476,
sfsarp-5-30-2,0.0,16.1474,16.1474,0.0,0.00191463,0.0785,
sfsarp-5-30-3,0.0,16.1251,16.1251,0.0,0.00610244,0.2502,
sfsarp-5-30-4,0.01,16.2252,16.2252,0.0,0.0102439,0.42,
sfsarp-5-30-5,0.01,16.1621,16.1621,0.0,0.0147805,0.606,
sfsarp-5-5-1,0.0,16.0184,16.0184,0.0,0.00183659,0.0753,
sfsarp-5-5-2,0.0,16.162,16.162,0.0,0.00339268,0.1391,
sfsarp-5-5-3,0.0,16.1221,16.1221,0.0,0.00320488,0.1314,
sfsarp-5-5-4,0.0,16.1256,16.1256,0.0,0.00338049,0.1386,
sfsarp-5-5-5,0.0,16.1629,16.1629,0.0,0.00141707,0.0581,
sfsarp-5-6-1,0.0,16.1105,16.1105,0.0,0.00275122,0.1128,
sfsarp-5-6-2,0.0,16.1947,16.1947,0.0,0.00293659,0.1204,
sfsarp-5-6-3,0.0,16.1899,16.1899,0.0,0.00371707,0.1524,
sfsarp-5-6-4,0.0,16.2041,16.2041,0.0,0.0150902,0.6187,
sfsarp-5-6-5,0.01,16.1476,16.1476,0.0,0.00664146,0.2723,
sfsarp-5-7-1,0.0,16.1706,16.1706,0.0,0.0033439,0.1371,
sfsarp-5-7-2,0.0,16.1331,16.1331,0.0,0.00724878,0.2972,
sfsarp-5-7-3,0.0,16.2126,16.2126,0.0,0.00137561,0.0564,
sfsarp-5-7-4,0.0,16.1668,16.1668,0.0,0.0104244,0.4274,
sfsarp-5-7-5,0.0,16.1871,16.1871,0.0,0.00908537,0.3725,
sfsarp-5-8-1,0.01,16.1505,16.1505,0.0,0.00474146,0.1944,
sfsarp-5-8-2,0.0,16.2113,16.2113,0.0,0.00928293,0.3806,
sfsarp-5-8-3,0.0,16.1751,16.1751,0.0,0.00330732,0.1356,
sfsarp-5-8-4,0.0,16.2418,16.2418,0.0,0.00411463,0.1687,
sfsarp-5-8-5,0.0,16.1808,16.1808,0.0,0.0031878,0.1307,
sfsarp-5-9-1,0.0,16.3949,16.3949,0.0,0.00873415,0.3581,
sfsarp-5-9-2,0.0,16.1176,16.1176,0.0,0.00151951,0.0623,
sfsarp-5-9-3,0.01,16.2117,16.2117,0.0,0.00995122,0.408,
sfsarp-5-9-4,0.0,16.1838,16.1838,0.0,0.00254878,0.1045,
sfsarp-5-9-5,0.0,16.3026,16.3026,0.0,0.00394634,0.1618,
sfsarp-6-5-1,0.0,19.3434,19.3434,0.0,0.00520244,0.2133,
sfsarp-6-5-2,0.0,19.3947,19.3947,0.0,0.00175366,0.0719,
sfsarp-6-5-3,0.0,19.4438,19.4438,0.0,0.00364634,0.1495,
sfsarp-6-5-4,0.0,19.3655,19.3655,0.0,0.0059122,0.2424,
sfsarp-6-5-5,0.0,19.3846,19.3846,0.0,0.00156098,0.064,
sfsarp-6-6-1,0.01,19.4315,19.4315,0.0,0.00246829,0.1012,
sfsarp-6-6-2,0.01,19.4495,19.4495,0.0,0.00202195,0.0829,
sfsarp-6-6-3,0.01,19.437,19.437,0.0,0.00191707,0.0786,
sfsarp-6-6-4,0.01,19.4097,19.4097,0.0,0.00908293,0.3724,
sfsarp-6-6-5,0.01,19.4612,19.4612,0.0,0.0119024,0.488,
sfsarp-6-7-1,0.0,19.4346,19.4346,0.0,0.00287805,0.118,
sfsarp-6-7-2,0.01,19.3746,19.3746,0.0,0.00297317,0.1219,
sfsarp-6-7-3,0.0,19.431,19.431,0.0,0.00135122,0.0554,
sfsarp-6-7-4,0.0,19.52,19.52,0.0,0.0137073,0.562,
sfsarp-6-7-5,0.0,19.4062,19.4062,0.0,0.00405366,0.1662,
sfsarp-6-8-1,0.01,19.6117,19.6117,0.0,0.00946585,0.3881,
sfsarp-6-8-2,0.01,19.364,19.364,0.0,0.00271463,0.1113,
sfsarp-6-8-3,0.0,19.6141,19.6141,0.0,0.00414878,0.1701,
sfsarp-6-8-4,0.0,19.294,19.294,0.0,0.0012122,0.0497,
sfsarp-6-8-5,0.0,19.3668,19.3668,0.0,0.00822927,0.3374,
sfsarp-6-9-1,0.0,19.4879,19.4879,0.0,0.00422683,0.1733,
sfsarp-6-9-2,0.01,19.4338,19.4338,0.0,0.00459756,0.1885,
sfsarp-6-9-3,0.0,19.3377,19.3377,0.0,0.00122683,0.0503,
sfsarp-6-9-4,0.0,19.3465,19.3465,0.0,0.00143902,0.059,
sfsarp-6-9-5,0.01,19.3007,19.3007,0.0,0.012322,0.5052,
sfsarp-7-5-1,0.01,22.6528,22.6528,0.0,0.00465122,0.1907,
sfsarp-7-5-2,0.0,22.578,22.578,0.0,0.00350732,0.1438,
sfsarp-7-5-3,0.01,22.7093,22.7093,0.0,0.00432927,0.1775,
sfsarp-7-5-4,0.01,22.7644,22.7644,0.0,0.0184439,0.7562,
sfsarp-7-5-5,0.01,22.516,22.516,0.0,0.00565854,0.232,
sfsarp-7-6-1,0.0,22.6034,22.6034,0.0,0.00738293,0.3027,
sfsarp-7-6-2,0.0,22.669,22.669,0.0,0.00628293,0.2576,
sfsarp-7-6-3,0.01,22.6185,22.6185,0.0,0.00345854,0.1418,
sfsarp-7-6-4,0.0,22.6637,22.6637,0.0,0.00301463,0.1236,
sfsarp-7-6-5,0.01,22.6412,22.6412,0.0,0.00239024,0.098,
sfsarp-7-7-1,0.01,22.6604,22.6604,0.0,0.00612439,0.2511,
sfsarp-7-7-2,0.01,22.6498,22.6498,0.0,0.00512927,0.2103,
sfsarp-7-7-3,0.01,22.639,22.639,0.0,0.00349268,0.1432,
sfsarp-7-7-4,0.01,22.6427,22.6427,0.0,0.00317561,0.1302,
sfsarp-7-7-5,0.0,22.6526,22.6526,0.0,0.0034561,0.1417,
sfsarp-7-8-1,0.0,22.7375,22.7375,0.0,0.0107122,0.4392,
sfsarp-7-8-2,0.01,22.6377,22.6377,0.0,0.00744146,0.3051,
sfsarp-7-8-3,0.01,22.7451,22.7451,0.0,0.0116049,0.4758,
sfsarp-7-8-4,0.01,22.6211,22.6211,0.0,0.0040878,0.1676,
sfsarp-7-8-5,0.0,22.5732,22.5732,0.0,0.0065878,0.2701,
sfsarp-8-5-1,0.01,25.8471,25.8471,0.0,0.00910732,0.3734,
sfsarp-8-5-2,0.01,26.02,26.02,0.0,0.0118268,0.4849,
sfsarp-8-5-3,0.01,25.9421,25.9421,0.0,0.00974878,0.3997,
sfsarp-8-5-4,0.0,25.8928,25.8928,0.0,0.00929024,0.3809,
sfsarp-8-5-5,0.0,25.8282,25.8282,0.0,0.00407805,0.1672,
sfsarp-8-6-1,0.01,25.7573,25.7573,0.0,0.00927561,0.3803,
sfsarp-8-6-2,0.0,25.8434,25.8434,0.0,0.00398049,0.1632,
sfsarp-8-6-3,0.0,25.8181,25.8181,0.0,0.00472195,0.1936,
sfsarp-8-6-4,0.01,25.9154,25.9154,0.0,0.00622439,0.2552,
sfsarp-8-6-5,0.01,25.9411,25.9411,0.0,0.00950244,0.3896,
sfsarp-8-7-1,0.0,25.863,25.863,0.0,0.0087561,0.359,
sfsarp-8-7-2,0.0,25.8558,25.8558,0.0,0.00397805,0.1631,
sfsarp-8-7-3,0.0,26.0839,26.0839,0.0,0.0199463,0.8178,
sfsarp-8-7-4,0.01,25.896,25.896,0.0,0.00558537,0.229,
sfsarp-8-7-5,0.0,25.8526,25.8526,0.0,0.00175366,0.0719,
sfsarp-9-5-1,0.01,29.1423,29.1423,0.0,0.00657561,0.2696,
sfsarp-9-5-2,0.01,29.1038,29.1038,0.0,0.00635122,0.2604,
sfsarp-9-5-3,0.01,29.1041,29.1041,0.0,0.0149146,0.6115,
sfsarp-9-5-4,0.01,29.0719,29.0719,0.0,0.00318293,0.1305,
sfsarp-9-5-5,0.01,29.232,29.232,0.0,0.0100171,0.4107,
sfsarp-9-6-1,0.01,29.3114,29.3114,0.0,0.0116854,0.4791,
sfsarp-9-6-2,0.01,29.1244,29.1244,0.0,0.00362683,0.1487,
sfsarp-9-6-3,0.01,28.9513,28.9513,0.0,0.0248902,1.0205,
sfsarp-9-6-4,0.01,29.1528,29.1528,0.0,0.00520732,0.2135,
sfsarp-9-6-5,0.01,29.1607,29.1607,0.0,0.0024878,0.102,
--- Separator for class: sfsarp,,,,,,,
