Instance Name , n, m, served, prof Customer, prof Parcel, costs, K, Sol Time, Sol Val, sol Stat, LB, UB, GAP, vrps, e(h), et(%), e(km), ed(%) 
sarp-16-8-A-7,,,,,,,,,,,,,,,,,,
sarp-16-8-A-8,,,,,,,,,,,,,,,,,,
sarp-16-8-B-7,,,,,,,,,,,,,,,,,,
sarp-16-8-B-8,,,,,,,,,,,,,,,,,,
sarp-16-8-C-7,,,,,,,,,,,,,,,,,,
sarp-16-8-C-8,,,,,,,,,,,,,,,,,,
sarp-20-10-A-7,,,,,,,,,,,,,,,,,,
sarp-20-10-A-8,,,,,,,,,,,,,,,,,,
sarp-20-10-B-7,,,,,,,,,,,,,,,,,,
sarp-20-10-B-8,,,,,,,,,,,,,,,,,,
sarp-20-10-C-7,,,,,,,,,,,,,,,,,,
sarp-20-10-C-8,,,,,,,,,,,,,,,,,,
sarp-30-15-A-7,,,,,,,,,,,,,,,,,,
sarp-30-15-A-8,,,,,,,,,,,,,,,,,,
sarp-30-15-B-7,,,,,,,,,,,,,,,,,,
sarp-30-15-B-8,,,,,,,,,,,,,,,,,,
sarp-30-15-C-7,,,,,,,,,,,,,,,,,,
sarp-30-15-C-8,,,,,,,,,,,,,,,,,,
sarp-40-20-A-7,,,,,,,,,,,,,,,,,,
sarp-40-20-A-8,,,,,,,,,,,,,,,,,,
sarp-40-20-B-7,,,,,,,,,,,,,,,,,,
sarp-40-20-B-8,,,,,,,,,,,,,,,,,,
sarp-40-20-C-7,,,,,,,,,,,,,,,,,,
sarp-40-20-C-8,,,,,,,,,,,,,,,,,,
sarp-50-25-A-7,,,,,,,,,,,,,,,,,,
sarp-50-25-A-8,,,,,,,,,,,,,,,,,,
sarp-50-25-B-7,,,,,,,,,,,,,,,,,,
sarp-50-25-B-8,,,,,,,,,,,,,,,,,,
sarp-50-25-C-7,,,,,,,,,,,,,,,,,,
sarp-50-25-C-8,,,,,,,,,,,,,,,,,,
